date,US_GDP_index_latest,US_CPI_yoy_latest,EA_GDP_index_latest,EA_HICP_yoy_latest
1995:01,53.9419077448335,NaN,67.806982366237,NaN
1995:02,54.1028287792569,NaN,68.3656352735213,NaN
1995:03,54.5630953411145,NaN,68.518872845862,NaN
1995:04,54.9336235280753,NaN,68.682017232007,NaN
1996:01,55.3451039024757,2.78391515687142,68.8032422698521,NaN
1996:02,56.2682292987026,2.82708744247206,69.3528218517261,NaN
1996:03,56.772974301049,2.90013083296989,69.6533565637759,NaN
1996:04,57.3624875675754,3.23140316634134,70.0500275818857,NaN
1997:01,57.7327298421268,2.94496990541704,70.2492568975734,1.8
1997:02,58.6941055535245,2.30179028132993,71.1026027868489,1.36666666666667
1997:03,59.4269419456759,2.22504767959315,71.6344853629568,1.6
1997:04,59.934364994257,1.890756302521,72.3894394095978,1.53333333333333
1998:01,60.5359580600805,1.4825642096471,72.9210843684004,1.1
1998:02,61.0963320868823,1.58333333333334,73.2176819444846,1.33333333333333
1998:03,61.8654984158546,1.59618573797677,73.5757090774563,1.13333333333333
1998:04,62.8610358949687,1.5257731958763,73.796104611567,0.833333333333333
1999:01,63.4515736809622,1.68724279835391,74.5342024521375,0.8
1999:02,63.9812311845809,2.1123872026251,74.9095866153462,0.966666666666667
1999:03,64.8295475988885,2.3464599061416,75.8611159751577,1.1
1999:04,65.8931846487147,2.61982128350935,76.6670882850647,1.46666666666667
2000:01,66.1322407794201,3.25779036827196,77.648820632201,1.93333333333333
2000:02,67.336699221289,3.29383410323356,78.3783240376225,1.83333333333333
2000:03,67.405337260372,3.46889952153111,78.8816596362408,2.2
2000:04,67.8077732722218,3.4434989115377,79.2740827880625,2.43333333333333
2001:01,67.5855001999481,3.40975896531452,80.1313329124461,2.06666666666667
2001:02,68.0075736291167,3.32490764145443,80.1944038565654,2.9
2001:03,67.735108633373,2.67822736030827,80.3326203595625,2.33333333333333
2001:04,67.9212280814782,1.87488042854409,80.3137718237786,2.06666666666667
2002:01,68.4892931520928,1.23176046996401,80.4941708819367,2.53333333333333
2002:02,68.9089315605747,1.31727512231838,80.8908930791584,2.13333333333333
2002:03,69.1890542436835,1.57628072809157,81.2104846990906,2.06666666666667
2002:04,69.2745754105416,2.25352112676056,81.3937717214204,2.3
2003:01,69.6394044101417,2.97641332834144,81.1736028376624,2.3
2003:02,70.2561460684566,2.00594353640418,81.2316326392593,1.96666666666667
2003:03,71.4246462596367,2.21688527618695,81.721018274233,2
2003:04,72.253687412344,2.00183654729109,82.2691209731635,2.06666666666667
2004:01,72.6631139826036,1.81785129976368,82.7051414170253,1.7
2004:02,73.2262184729151,2.78587035688271,83.2349841399588,2.3
2004:03,73.9208379063435,2.67485993132117,83.3931531852965,2.26666666666667
2004:04,74.6749843034087,3.38494778537992,83.7697912367469,2.33333333333333
2005:01,75.5034012140222,3.03517229066237,84.0089183258143,2.06666666666667
2005:02,75.8753494326163,2.92294065544729,84.536801619892,2.03333333333333
2005:03,76.4700710702006,3.81975004400634,85.1452335248042,2.3
2005:04,76.894874962879,3.67467781260884,85.7556029246669,2.3
2006:01,77.9294061294284,3.69086813377233,86.5687110650337,2.33333333333333
2006:02,78.1310506213639,3.92426850258176,87.5365409719864,2.46666666666667
2006:03,78.2482127615288,3.34011529331977,87.995464068425,2.16666666666667
2006:04,78.9207168700902,1.96539559885773,89.0282841361935,1.8
2007:01,79.1581385348552,2.4316510695187,89.6691343528456,1.86666666666667
2007:02,79.6423979130681,2.6652865187148,90.2758590688107,1.9
2007:03,80.1011586695695,2.34897456931911,90.6066260133921,1.86666666666667
2007:04,80.6043835709392,4.03113673805602,91.0797366907806,2.86666666666667
2008:01,80.2603928207775,4.13703542371249,91.6828898358649,3.36666666666667
2008:02,80.7382858826745,4.31042131464623,91.2268254583912,3.66666666666667
2008:03,80.3142015362264,5.25250193566384,90.7172313855173,3.86666666666667
2008:04,78.5561023047971,1.59580280267122,89.168222450741,2.3
2009:01,77.6645892906361,-0.184236788138659,86.4413152885533,0.966666666666667
2009:02,77.5258407635615,-0.94214004358093,86.4433807312837,0.166666666666667
2009:03,77.7981056206186,-1.60695601317734,86.7523636524485,-0.4
2009:04,78.6390359643502,1.48765638005692,87.1236059632439,0.433333333333333
2010:01,79.0200428411154,2.35257002854978,87.4793885265936,1.13333333333333
2010:02,79.7846298063306,1.7752735663624,88.2978448841543,1.6
2010:03,80.3998370680483,1.20288159100479,88.6833405776148,1.73333333333333
2010:04,80.8220248621807,1.22978390084318,89.1943749769237,2
2011:01,80.6303110612649,2.14821766479278,90.0504297034792,2.46666666666667
2011:02,81.1758414688121,3.34610641026429,90.0574522087625,2.73333333333333
2011:03,81.1577289176767,3.71595113512784,90.0679804832112,2.66666666666667
2011:04,82.0691700267728,3.34472771079219,89.7932217653065,2.93333333333333
2012:01,82.7573945526443,2.82932336132082,89.6067360484827,2.7
2012:02,83.1267695595538,1.88791830252113,89.2872431311234,2.46666666666667
2012:03,83.2464953809897,1.68485971054333,89.1485660161192,2.53333333333333
2012:04,83.3427620892344,1.90356783167092,88.7636625380965,2.3
2013:01,84.1649889961844,1.74020187509671,88.4961164193192,1.86666666666667
2013:02,84.3902450879295,1.41472326142442,89.0947731138578,1.4
2013:03,85.1087382075427,1.50495342432375,89.3210981136476,1.33333333333333
2013:04,85.8506666143129,1.20730491508527,89.5106838223924,0.8
2014:01,85.5543994104867,1.42990796357574,89.954936791969,0.666666666666667
2014:02,86.6596271854668,2.08034361151215,90.1742429421263,0.566666666666667
2014:03,87.7128808496249,1.79097013859124,90.5817127528477,0.366666666666667
2014:04,88.1564739528077,1.16400564849504,90.9424852796079,0.166666666666667
2015:01,88.9503097575043,-0.112893163173056,91.6655657064856,-0.333333333333333
2015:02,89.5012725008301,0.0370100912305826,92.0663347091984,0.433333333333333
2015:03,89.8594969237731,0.158610960999961,92.4439341968224,0.4
2015:04,90.0252689387427,0.40046998234049,92.8858621724582,0.233333333333333
2016:01,90.5469828425869,0.991835029352806,93.3568525723535,0.0666666666666667
2016:02,90.837750997739,1.11003263560656,93.5305764120591,-0.1
2016:03,91.4821451512496,1.15714756188992,93.9966865180693,0.266666666666667
2016:04,91.9892298701462,1.8069798503457,94.7514870273746,0.733333333333333
2017:01,92.4371164246768,2.58713054014483,95.4791333621642,1.73333333333333
2017:02,92.9546464769301,1.89058824020447,96.1368982753005,1.53333333333333
2017:03,93.6876162948725,1.94493933407407,96.8783520033515,1.46666666666667
2017:04,94.7435194140244,2.10778024350085,97.6666090292382,1.4
2018:01,95.5141724875257,2.24861793863702,97.700230050108,1.26666666666667
2018:02,96.0211857283199,2.68679338030477,98.1822787938253,1.73333333333333
2018:03,96.620067391461,2.60891662963521,98.3346024534535,2.13333333333333
2018:04,96.7569241314267,2.21351866956987,98.832246203698,1.9
2019:01,97.3609951047983,1.63002279518425,99.5812378838022,1.43333333333333
2019:02,98.1741014058885,1.82238373909793,99.8996999076217,1.4
2019:03,99.322740215029,1.74939971578381,100.160044394224,0.933333333333333
2019:04,100,2.04858514271242,100,1
2020:01,98.6836783279537,2.14376766904731,96.8542758868518,1.1
2020:02,90.9105776536198,0.409276231419975,86.0759914764845,0.233333333333333
2020:03,97.9673104905838,1.22314088312931,95.9935528941605,-0.0333333333333333
2020:04,99.0777847582763,1.24227054638708,96.2556557488217,-0.3
2021:01,100.460728786919,1.90275522150087,97.1229004226298,1.03333333333333
2021:02,102.170461169092,4.78295589926074,99.1977016191974,1.83333333333333
2021:03,103.01342149093,5.24956118637205,101.017466334197,2.86666666666667
2021:04,104.780879588561,6.77144042641473,101.744147577163,4.66666666666667
2022:01,104.513899345871,8.0242458864523,102.516484243596,6.13333333333333
2022:02,104.677512722149,8.58498282755189,103.483820637684,8.06666666666667
2022:03,105.433179220191,8.29210899596693,104.045215283106,9.3
2022:04,106.160921606248,7.09195350071863,103.987678994374,9.96666666666667
2023:01,106.92936838899,5.729849763138,103.787539421625,8
2023:02,107.600747908741,4.04393609627627,103.99905537982,6.16666666666667
2023:03,108.842036634148,3.56604942241239,104.191536364038,4.93333333333333
2023:04,109.760725622822,3.2334961618981,104.20375354918,2.73333333333333
2024:01,109.991070955454,3.24436118097888,104.656677722573,2.6
2024:02,110.965026812866,3.19152091918966,104.899986876213,2.5
2024:03,111.880241965766,2.65761187493667,105.465252855886,2.16666666666667
2024:04,112.394750876893,2.72316769145076,105.810942167238,2.2
2025:01,112.212090968942,2.72397937857043,106.329817937621,2.33333333333333
2025:02,113.273617032145,2.46102708354183,106.365771263733,2.03333333333333
2025:03,114.492833319546,2.90142970384024,106.696969575115,2.06666666666667
2025:04,114.630619274842,2.82996916072749,106.945663502457,2.06666666666667
2026:01,115.224697609505,2.70401961551505,106.935116949754,2.06666666666667
