round_index,round_label,round_code,h0,h1,h2,h3,h4
1,2020Q1,W20,1.2,0.9,1.1,1.1,1.3
2,2020Q2,G20,0.2,0.1,0,0.2,0.8
3,2020Q3,S20,0.1,-0.2,0.4,1,1.3
4,2020Q4,A20,-0.3,0.3,0.9,1.3,1.5
5,2021Q1,W21,1,1.5,1.6,2,1
6,2021Q2,G21,1.8,2.1,2.6,1.7,1.4
7,2021Q3,S21,2.7,3.1,2.2,1.8,1.4
8,2021Q4,A21,4.6,4.1,3.7,3,1.9
9,2022Q1,W22,5.6,5.6,5.2,4,2.5
10,2022Q2,G22,7.5,7.3,6.4,4.7,3.5
11,2022Q3,S22,9.1,9.2,8,6.3,4.6
12,2022Q4,A22,10,9.1,7.3,5.6,3.6
13,2023Q1,W23,7.8,6,4.6,2.8,2.8
14,2023Q2,G23,6.2,4.7,2.9,3,3.1
15,2023Q3,S23,5,3.3,3.4,3.3,3.2
16,2023Q4,A23,2.8,2.9,2.7,2.5,2.6
17,2024Q1,W24,2.6,2.4,2.2,2.2,2.2
18,2024Q2,G24,2.5,2.3,2.5,2.4,2.2
19,2024Q3,S24,2.3,2.6,2.5,2.3,2.2
20,2024Q4,A24,2.3,2.3,2.1,2.1,2
21,2025Q1,W25,2.3,2.2,2.3,2.3,2
22,2025Q2,G25,2,2.1,2,1.6,1.8
23,2025Q3,S25,2.1,2,1.6,1.8,1.6
24,2025Q4,A25,2.1,1.9,2,1.9,1.9
25,2026Q1,W26,2.1,3.1,2.8,2.7,2.4
26,2026Q2,G26,3.2,3.4,3.4,3.2,2.3
