Date,Value
01-Jan-1947,NaN
01-Feb-1947,NaN
01-Mar-1947,NaN
01-Apr-1947,NaN
01-May-1947,NaN
01-Jun-1947,NaN
01-Jul-1947,NaN
01-Aug-1947,NaN
01-Sep-1947,NaN
01-Oct-1947,NaN
01-Nov-1947,NaN
01-Dec-1947,NaN
01-Jan-1948,NaN
01-Feb-1948,NaN
01-Mar-1948,NaN
01-Apr-1948,NaN
01-May-1948,NaN
01-Jun-1948,NaN
01-Jul-1948,NaN
01-Aug-1948,NaN
01-Sep-1948,NaN
01-Oct-1948,NaN
01-Nov-1948,NaN
01-Dec-1948,NaN
01-Jan-1949,NaN
01-Feb-1949,NaN
01-Mar-1949,NaN
01-Apr-1949,NaN
01-May-1949,NaN
01-Jun-1949,NaN
01-Jul-1949,NaN
01-Aug-1949,NaN
01-Sep-1949,NaN
01-Oct-1949,NaN
01-Nov-1949,NaN
01-Dec-1949,NaN
01-Jan-1950,NaN
01-Feb-1950,NaN
01-Mar-1950,NaN
01-Apr-1950,NaN
01-May-1950,NaN
01-Jun-1950,NaN
01-Jul-1950,NaN
01-Aug-1950,NaN
01-Sep-1950,NaN
01-Oct-1950,NaN
01-Nov-1950,NaN
01-Dec-1950,NaN
01-Jan-1951,NaN
01-Feb-1951,NaN
01-Mar-1951,NaN
01-Apr-1951,NaN
01-May-1951,NaN
01-Jun-1951,NaN
01-Jul-1951,NaN
01-Aug-1951,NaN
01-Sep-1951,NaN
01-Oct-1951,NaN
01-Nov-1951,NaN
01-Dec-1951,NaN
01-Jan-1952,NaN
01-Feb-1952,NaN
01-Mar-1952,NaN
01-Apr-1952,NaN
01-May-1952,NaN
01-Jun-1952,NaN
01-Jul-1952,NaN
01-Aug-1952,NaN
01-Sep-1952,NaN
01-Oct-1952,NaN
01-Nov-1952,NaN
01-Dec-1952,NaN
01-Jan-1953,NaN
01-Feb-1953,NaN
01-Mar-1953,NaN
01-Apr-1953,NaN
01-May-1953,NaN
01-Jun-1953,NaN
01-Jul-1953,NaN
01-Aug-1953,NaN
01-Sep-1953,NaN
01-Oct-1953,NaN
01-Nov-1953,NaN
01-Dec-1953,NaN
01-Jan-1954,NaN
01-Feb-1954,NaN
01-Mar-1954,NaN
01-Apr-1954,NaN
01-May-1954,NaN
01-Jun-1954,NaN
01-Jul-1954,NaN
01-Aug-1954,NaN
01-Sep-1954,NaN
01-Oct-1954,NaN
01-Nov-1954,NaN
01-Dec-1954,NaN
01-Jan-1955,NaN
01-Feb-1955,NaN
01-Mar-1955,NaN
01-Apr-1955,NaN
01-May-1955,NaN
01-Jun-1955,NaN
01-Jul-1955,NaN
01-Aug-1955,NaN
01-Sep-1955,NaN
01-Oct-1955,NaN
01-Nov-1955,NaN
01-Dec-1955,NaN
01-Jan-1956,NaN
01-Feb-1956,NaN
01-Mar-1956,NaN
01-Apr-1956,NaN
01-May-1956,NaN
01-Jun-1956,NaN
01-Jul-1956,NaN
01-Aug-1956,NaN
01-Sep-1956,NaN
01-Oct-1956,NaN
01-Nov-1956,NaN
01-Dec-1956,NaN
01-Jan-1957,NaN
01-Feb-1957,NaN
01-Mar-1957,NaN
01-Apr-1957,NaN
01-May-1957,NaN
01-Jun-1957,NaN
01-Jul-1957,NaN
01-Aug-1957,NaN
01-Sep-1957,NaN
01-Oct-1957,NaN
01-Nov-1957,NaN
01-Dec-1957,NaN
01-Jan-1958,NaN
01-Feb-1958,NaN
01-Mar-1958,NaN
01-Apr-1958,NaN
01-May-1958,NaN
01-Jun-1958,NaN
01-Jul-1958,NaN
01-Aug-1958,NaN
01-Sep-1958,NaN
01-Oct-1958,NaN
01-Nov-1958,NaN
01-Dec-1958,NaN
01-Jan-1959,NaN
01-Feb-1959,NaN
01-Mar-1959,NaN
01-Apr-1959,NaN
01-May-1959,NaN
01-Jun-1959,NaN
01-Jul-1959,NaN
01-Aug-1959,NaN
01-Sep-1959,NaN
01-Oct-1959,NaN
01-Nov-1959,NaN
01-Dec-1959,NaN
01-Jan-1960,NaN
01-Feb-1960,NaN
01-Mar-1960,NaN
01-Apr-1960,NaN
01-May-1960,NaN
01-Jun-1960,NaN
01-Jul-1960,NaN
01-Aug-1960,NaN
01-Sep-1960,NaN
01-Oct-1960,NaN
01-Nov-1960,NaN
01-Dec-1960,NaN
01-Jan-1961,NaN
01-Feb-1961,NaN
01-Mar-1961,NaN
01-Apr-1961,NaN
01-May-1961,NaN
01-Jun-1961,NaN
01-Jul-1961,NaN
01-Aug-1961,NaN
01-Sep-1961,NaN
01-Oct-1961,NaN
01-Nov-1961,NaN
01-Dec-1961,NaN
01-Jan-1962,NaN
01-Feb-1962,NaN
01-Mar-1962,NaN
01-Apr-1962,NaN
01-May-1962,NaN
01-Jun-1962,NaN
01-Jul-1962,NaN
01-Aug-1962,NaN
01-Sep-1962,NaN
01-Oct-1962,NaN
01-Nov-1962,NaN
01-Dec-1962,NaN
01-Jan-1963,NaN
01-Feb-1963,NaN
01-Mar-1963,NaN
01-Apr-1963,NaN
01-May-1963,NaN
01-Jun-1963,NaN
01-Jul-1963,NaN
01-Aug-1963,NaN
01-Sep-1963,NaN
01-Oct-1963,NaN
01-Nov-1963,NaN
01-Dec-1963,NaN
01-Jan-1964,NaN
01-Feb-1964,NaN
01-Mar-1964,NaN
01-Apr-1964,NaN
01-May-1964,NaN
01-Jun-1964,NaN
01-Jul-1964,NaN
01-Aug-1964,NaN
01-Sep-1964,NaN
01-Oct-1964,NaN
01-Nov-1964,NaN
01-Dec-1964,NaN
01-Jan-1965,NaN
01-Feb-1965,NaN
01-Mar-1965,NaN
01-Apr-1965,NaN
01-May-1965,NaN
01-Jun-1965,NaN
01-Jul-1965,NaN
01-Aug-1965,NaN
01-Sep-1965,NaN
01-Oct-1965,NaN
01-Nov-1965,NaN
01-Dec-1965,NaN
01-Jan-1966,NaN
01-Feb-1966,NaN
01-Mar-1966,NaN
01-Apr-1966,NaN
01-May-1966,NaN
01-Jun-1966,NaN
01-Jul-1966,NaN
01-Aug-1966,NaN
01-Sep-1966,NaN
01-Oct-1966,NaN
01-Nov-1966,NaN
01-Dec-1966,NaN
01-Jan-1967,NaN
01-Feb-1967,NaN
01-Mar-1967,NaN
01-Apr-1967,NaN
01-May-1967,NaN
01-Jun-1967,NaN
01-Jul-1967,NaN
01-Aug-1967,NaN
01-Sep-1967,NaN
01-Oct-1967,NaN
01-Nov-1967,NaN
01-Dec-1967,NaN
01-Jan-1968,NaN
01-Feb-1968,NaN
01-Mar-1968,NaN
01-Apr-1968,NaN
01-May-1968,NaN
01-Jun-1968,NaN
01-Jul-1968,NaN
01-Aug-1968,NaN
01-Sep-1968,NaN
01-Oct-1968,NaN
01-Nov-1968,NaN
01-Dec-1968,NaN
01-Jan-1969,NaN
01-Feb-1969,NaN
01-Mar-1969,NaN
01-Apr-1969,NaN
01-May-1969,NaN
01-Jun-1969,NaN
01-Jul-1969,NaN
01-Aug-1969,NaN
01-Sep-1969,NaN
01-Oct-1969,NaN
01-Nov-1969,NaN
01-Dec-1969,NaN
01-Jan-1970,NaN
01-Feb-1970,NaN
01-Mar-1970,NaN
01-Apr-1970,NaN
01-May-1970,NaN
01-Jun-1970,NaN
01-Jul-1970,NaN
01-Aug-1970,NaN
01-Sep-1970,NaN
01-Oct-1970,NaN
01-Nov-1970,NaN
01-Dec-1970,NaN
01-Jan-1971,NaN
01-Feb-1971,NaN
01-Mar-1971,NaN
01-Apr-1971,NaN
01-May-1971,NaN
01-Jun-1971,NaN
01-Jul-1971,NaN
01-Aug-1971,NaN
01-Sep-1971,NaN
01-Oct-1971,NaN
01-Nov-1971,NaN
01-Dec-1971,NaN
01-Jan-1972,NaN
01-Feb-1972,NaN
01-Mar-1972,NaN
01-Apr-1972,NaN
01-May-1972,NaN
01-Jun-1972,NaN
01-Jul-1972,NaN
01-Aug-1972,NaN
01-Sep-1972,NaN
01-Oct-1972,NaN
01-Nov-1972,NaN
01-Dec-1972,NaN
01-Jan-1973,NaN
01-Feb-1973,NaN
01-Mar-1973,NaN
01-Apr-1973,NaN
01-May-1973,NaN
01-Jun-1973,NaN
01-Jul-1973,NaN
01-Aug-1973,NaN
01-Sep-1973,NaN
01-Oct-1973,NaN
01-Nov-1973,NaN
01-Dec-1973,NaN
01-Jan-1974,NaN
01-Feb-1974,NaN
01-Mar-1974,NaN
01-Apr-1974,NaN
01-May-1974,NaN
01-Jun-1974,NaN
01-Jul-1974,NaN
01-Aug-1974,NaN
01-Sep-1974,NaN
01-Oct-1974,NaN
01-Nov-1974,NaN
01-Dec-1974,NaN
01-Jan-1975,NaN
01-Feb-1975,NaN
01-Mar-1975,NaN
01-Apr-1975,NaN
01-May-1975,NaN
01-Jun-1975,NaN
01-Jul-1975,NaN
01-Aug-1975,NaN
01-Sep-1975,NaN
01-Oct-1975,NaN
01-Nov-1975,NaN
01-Dec-1975,NaN
01-Jan-1976,NaN
01-Feb-1976,NaN
01-Mar-1976,NaN
01-Apr-1976,NaN
01-May-1976,NaN
01-Jun-1976,NaN
01-Jul-1976,NaN
01-Aug-1976,NaN
01-Sep-1976,NaN
01-Oct-1976,NaN
01-Nov-1976,NaN
01-Dec-1976,NaN
01-Jan-1977,NaN
01-Feb-1977,NaN
01-Mar-1977,NaN
01-Apr-1977,NaN
01-May-1977,NaN
01-Jun-1977,NaN
01-Jul-1977,NaN
01-Aug-1977,NaN
01-Sep-1977,NaN
01-Oct-1977,NaN
01-Nov-1977,NaN
01-Dec-1977,4.289
01-Jan-1978,4.278
01-Feb-1978,4.31
01-Mar-1978,4.326
01-Apr-1978,4.334
01-May-1978,4.343
01-Jun-1978,4.353
01-Jul-1978,4.328
01-Aug-1978,4.3
01-Sep-1978,4.292
01-Oct-1978,4.293
01-Nov-1978,4.219
01-Dec-1978,4.231
01-Jan-1979,4.256
01-Feb-1979,4.253
01-Mar-1979,4.286
01-Apr-1979,4.282
01-May-1979,4.354
01-Jun-1979,4.489
01-Jul-1979,4.556
01-Aug-1979,4.606
01-Sep-1979,4.663
01-Oct-1979,4.682
01-Nov-1979,4.583
01-Dec-1979,4.607
01-Jan-1980,4.63
01-Feb-1980,4.7
01-Mar-1980,4.722
01-Apr-1980,4.722
01-May-1980,4.798
01-Jun-1980,4.874
01-Jul-1980,4.944
01-Aug-1980,4.928
01-Sep-1980,4.918
01-Oct-1980,4.847
01-Nov-1980,4.752
01-Dec-1980,4.796
01-Jan-1981,4.898
01-Feb-1981,5.004
01-Mar-1981,5.048
01-Apr-1981,5.05
01-May-1981,5.099
01-Jun-1981,5.159
01-Jul-1981,5.166
01-Aug-1981,5.156
01-Sep-1981,5.146
01-Oct-1981,5.09
01-Nov-1981,5.056
01-Dec-1981,5.071
01-Jan-1982,5.139
01-Feb-1982,5.134
01-Mar-1982,5.173
01-Apr-1982,5.123
01-May-1982,5.192
01-Jun-1982,5.248
01-Jul-1982,5.264
01-Aug-1982,5.275
01-Sep-1982,5.319
01-Oct-1982,5.372
01-Nov-1982,5.351
01-Dec-1982,6.214
01-Jan-1983,6.195
01-Feb-1983,6.158
01-Mar-1983,6.133
01-Apr-1983,6.083
01-May-1983,6.169
01-Jun-1983,6.243
01-Jul-1983,6.248
01-Aug-1983,6.211
01-Sep-1983,6.204
01-Oct-1983,6.138
01-Nov-1983,6.041
01-Dec-1983,6.03
01-Jan-1984,6.03
01-Feb-1984,6.12
01-Mar-1984,6.055
01-Apr-1984,6.031
01-May-1984,6.108
01-Jun-1984,6.185
01-Jul-1984,6.231
01-Aug-1984,6.237
01-Sep-1984,6.224
01-Oct-1984,6.108
01-Nov-1984,5.992
01-Dec-1984,5.958
01-Jan-1985,5.964
01-Feb-1985,5.93
01-Mar-1985,5.925
01-Apr-1985,5.903
01-May-1985,5.966
01-Jun-1985,6.046
01-Jul-1985,6.029
01-Aug-1985,5.984
01-Sep-1985,5.996
01-Oct-1985,5.873
01-Nov-1985,5.773
01-Dec-1985,5.783
01-Jan-1986,5.778
01-Feb-1986,5.694
01-Mar-1986,5.613
01-Apr-1986,5.528
01-May-1986,5.524
01-Jun-1986,5.694
01-Jul-1986,5.6
01-Aug-1986,5.584
01-Sep-1986,5.542
01-Oct-1986,5.332
01-Nov-1986,5.184
01-Dec-1986,4.456
01-Jan-1987,4.486
01-Feb-1987,4.482
01-Mar-1987,4.457
01-Apr-1987,4.408
01-May-1987,4.461
01-Jun-1987,4.662
01-Jul-1987,4.634
01-Aug-1987,4.654
01-Sep-1987,4.611
01-Oct-1987,4.413
01-Nov-1987,4.342
01-Dec-1987,4.328
01-Jan-1988,4.336
01-Feb-1988,4.345
01-Mar-1988,4.314
01-Apr-1988,4.288
01-May-1988,4.311
01-Jun-1988,4.482
01-Jul-1988,4.465
01-Aug-1988,4.448
01-Sep-1988,4.425
01-Oct-1988,4.304
01-Nov-1988,4.224
01-Dec-1988,4.242
01-Jan-1989,4.277
01-Feb-1989,4.256
01-Mar-1989,4.23
01-Apr-1989,4.214
01-May-1989,4.226
01-Jun-1989,4.368
01-Jul-1989,4.374
01-Aug-1989,4.371
01-Sep-1989,4.346
01-Oct-1989,4.221
01-Nov-1989,4.168
01-Dec-1989,4.214
01-Jan-1990,4.309
01-Feb-1990,4.229
01-Mar-1990,4.174
01-Apr-1990,4.121
01-May-1990,4.14
01-Jun-1990,4.26
01-Jul-1990,4.207
01-Aug-1990,4.211
01-Sep-1990,4.257
01-Oct-1990,4.182
01-Nov-1990,4.136
01-Dec-1990,4.14
01-Jan-1991,4.2
01-Feb-1991,4.169
01-Mar-1991,4.112
01-Apr-1991,4.036
01-May-1991,4.078
01-Jun-1991,4.155
01-Jul-1991,4.172
01-Aug-1991,4.139
01-Sep-1991,4.15
01-Oct-1991,4.068
01-Nov-1991,4.021
01-Dec-1991,4.057
01-Jan-1992,4.05
01-Feb-1992,4.009
01-Mar-1992,3.966
01-Apr-1992,3.953
01-May-1992,4
01-Jun-1992,4.128
01-Jul-1992,4.124
01-Aug-1992,4.109
01-Sep-1992,4.13
01-Oct-1992,4.024
01-Nov-1992,4.002
01-Dec-1992,4.027
01-Jan-1993,4.022
01-Feb-1993,3.941
01-Mar-1993,3.971
01-Apr-1993,3.966
01-May-1993,4.014
01-Jun-1993,4.151
01-Jul-1993,4.15
01-Aug-1993,4.134
01-Sep-1993,4.153
01-Oct-1993,4.038
01-Nov-1993,3.961
01-Dec-1993,3.983
01-Jan-1994,3.971
01-Feb-1994,3.975
01-Mar-1994,3.96
01-Apr-1994,3.912
01-May-1994,3.934
01-Jun-1994,4.041
01-Jul-1994,4.035
01-Aug-1994,4.014
01-Sep-1994,4
01-Oct-1994,3.89
01-Nov-1994,3.852
01-Dec-1994,3.859
01-Jan-1995,3.864
01-Feb-1995,3.84
01-Mar-1995,3.808
01-Apr-1995,3.778
01-May-1995,3.789
01-Jun-1995,3.917
01-Jul-1995,3.914
01-Aug-1995,3.935
01-Sep-1995,3.883
01-Oct-1995,3.808
01-Nov-1995,3.763
01-Dec-1995,3.792
01-Jan-1996,3.814
01-Feb-1996,3.812
01-Mar-1996,3.773
01-Apr-1996,3.791
01-May-1996,3.822
01-Jun-1996,3.9
01-Jul-1996,3.925
01-Aug-1996,3.935
01-Sep-1996,3.936
01-Oct-1996,3.854
01-Nov-1996,3.831
01-Dec-1996,3.878
01-Jan-1997,3.93
01-Feb-1997,3.919
01-Mar-1997,3.844
01-Apr-1997,3.779
01-May-1997,3.78
01-Jun-1997,3.922
01-Jul-1997,3.914
01-Aug-1997,3.872
01-Sep-1997,3.898
01-Oct-1997,3.813
01-Nov-1997,3.826
01-Dec-1997,4.018
01-Jan-1998,3.965
01-Feb-1998,3.898
01-Mar-1998,3.88
01-Apr-1998,3.868
01-May-1998,3.892
01-Jun-1998,4.009
01-Jul-1998,4.004
01-Aug-1998,3.967
01-Sep-1998,3.94
01-Oct-1998,3.821
01-Nov-1998,3.8
01-Dec-1998,3.801
01-Jan-1999,3.774
01-Feb-1999,3.76
01-Mar-1999,3.744
01-Apr-1999,3.711
01-May-1999,3.737
01-Jun-1999,3.873
01-Jul-1999,3.892
01-Aug-1999,3.889
01-Sep-1999,3.917
01-Oct-1999,3.823
01-Nov-1999,3.811
01-Dec-1999,3.794
01-Jan-2000,3.789
01-Feb-2000,3.873
01-Mar-2000,3.802
01-Apr-2000,3.792
01-May-2000,3.812
01-Jun-2000,4.023
01-Jul-2000,4.096
01-Aug-2000,4.077
01-Sep-2000,4.157
01-Oct-2000,4.124
01-Nov-2000,4.105
01-Dec-2000,4.199
01-Jan-2001,4.467
01-Feb-2001,4.392
01-Mar-2001,4.326
01-Apr-2001,4.271
01-May-2001,4.309
01-Jun-2001,4.45
01-Jul-2001,4.428
01-Aug-2001,4.349
01-Sep-2001,4.258
01-Oct-2001,4.065
01-Nov-2001,4.03
01-Dec-2001,3.654
01-Jan-2002,3.618
01-Feb-2002,3.556
01-Mar-2002,3.54
01-Apr-2002,3.522
01-May-2002,3.56
01-Jun-2002,3.703
01-Jul-2002,3.713
01-Aug-2002,3.7
01-Sep-2002,3.703
01-Oct-2002,3.607
01-Nov-2002,3.582
01-Dec-2002,3.604
01-Jan-2003,3.646
01-Feb-2003,3.682
01-Mar-2003,3.845
01-Apr-2003,3.808
01-May-2003,3.832
01-Jun-2003,3.991
01-Jul-2003,3.991
01-Aug-2003,3.962
01-Sep-2003,3.961
01-Oct-2003,3.82
01-Nov-2003,3.762
01-Dec-2003,3.83
01-Jan-2004,3.886
01-Feb-2004,3.873
01-Mar-2004,3.796
01-Apr-2004,3.795
01-May-2004,3.84
01-Jun-2004,4.049
01-Jul-2004,4.081
01-Aug-2004,4.107
01-Sep-2004,4.066
01-Oct-2004,3.925
01-Nov-2004,4.003
01-Dec-2004,4.021
01-Jan-2005,4.04
01-Feb-2005,3.994
01-Mar-2005,3.97
01-Apr-2005,4.025
01-May-2005,4.088
01-Jun-2005,4.252
01-Jul-2005,4.304
01-Aug-2005,4.33
01-Sep-2005,4.477
01-Oct-2005,4.575
01-Nov-2005,4.659
01-Dec-2005,4.494
01-Jan-2006,4.649
01-Feb-2006,4.52
01-Mar-2006,4.427
01-Apr-2006,4.35
01-May-2006,4.359
01-Jun-2006,4.5
01-Jul-2006,4.505
01-Aug-2006,4.505
01-Sep-2006,4.539
01-Oct-2006,4.302
01-Nov-2006,4.321
01-Dec-2006,4.368
01-Jan-2007,4.394
01-Feb-2007,4.38
01-Mar-2007,4.378
01-Apr-2007,4.347
01-May-2007,4.376
01-Jun-2007,4.568
01-Jul-2007,4.559
01-Aug-2007,4.515
01-Sep-2007,4.499
01-Oct-2007,4.397
01-Nov-2007,4.4
01-Dec-2007,4.215
01-Jan-2008,4.231
01-Feb-2008,4.238
01-Mar-2008,4.286
01-Apr-2008,4.359
01-May-2008,4.481
01-Jun-2008,4.713
01-Jul-2008,4.863
01-Aug-2008,4.788
01-Sep-2008,4.619
01-Oct-2008,4.481
01-Nov-2008,4.442
01-Dec-2008,4.46
01-Jan-2009,4.436
01-Feb-2009,4.369
01-Mar-2009,4.281
01-Apr-2009,4.184
01-May-2009,4.146
01-Jun-2009,4.265
01-Jul-2009,4.269
01-Aug-2009,4.241
01-Sep-2009,4.211
01-Oct-2009,4.11
01-Nov-2009,4.13
01-Dec-2009,4.028
01-Jan-2010,4.067
01-Feb-2010,4.045
01-Mar-2010,4.061
01-Apr-2010,4.037
01-May-2010,4.054
01-Jun-2010,4.181
01-Jul-2010,4.214
01-Aug-2010,4.199
01-Sep-2010,4.149
01-Oct-2010,4.028
01-Nov-2010,3.973
01-Dec-2010,4
01-Jan-2011,4.01
01-Feb-2011,4.018
01-Mar-2011,4.002
01-Apr-2011,3.988
01-May-2011,4.029
01-Jun-2011,4.151
01-Jul-2011,4.177
01-Aug-2011,4.157
01-Sep-2011,4.144
01-Oct-2011,4.012
01-Nov-2011,3.961
01-Dec-2011,4.216
01-Jan-2012,4.203
01-Feb-2012,4.151
01-Mar-2012,4.102
01-Apr-2012,4.066
01-May-2012,4.078
01-Jun-2012,4.211
01-Jul-2012,4.201
01-Aug-2012,4.197
01-Sep-2012,4.175
01-Oct-2012,4.069
01-Nov-2012,4.077
01-Dec-2012,4.099
01-Jan-2013,4.121
01-Feb-2013,4.1
01-Mar-2013,4.068
01-Apr-2013,4.098
01-May-2013,4.171
01-Jun-2013,4.294
01-Jul-2013,4.295
01-Aug-2013,4.261
01-Sep-2013,4.267
01-Oct-2013,4.151
01-Nov-2013,4.118
01-Dec-2013,3.98
01-Jan-2014,4.09
01-Feb-2014,4.113
01-Mar-2014,4.155
01-Apr-2014,4.036
01-May-2014,4.109
01-Jun-2014,4.233
01-Jul-2014,4.244
01-Aug-2014,4.212
01-Sep-2014,4.174
01-Oct-2014,4.04
01-Nov-2014,3.999
01-Dec-2014,4.051
01-Jan-2015,4.091
01-Feb-2015,4.058
01-Mar-2015,3.985
01-Apr-2015,3.94
01-May-2015,3.927
01-Jun-2015,4.055
01-Jul-2015,4.027
01-Aug-2015,4.015
01-Sep-2015,3.987
01-Oct-2015,3.861
01-Nov-2015,3.816
01-Dec-2015,3.768
01-Jan-2016,3.779
01-Feb-2016,3.762
01-Mar-2016,3.739
01-Apr-2016,3.709
01-May-2016,3.747
01-Jun-2016,3.858
01-Jul-2016,3.903
01-Aug-2016,3.909
01-Sep-2016,3.911
01-Oct-2016,3.808
01-Nov-2016,3.77
01-Dec-2016,3.782
01-Jan-2017,3.816
01-Feb-2017,3.825
01-Mar-2017,3.799
01-Apr-2017,3.809
01-May-2017,3.864
01-Jun-2017,3.972
01-Jul-2017,3.977
01-Aug-2017,3.957
01-Sep-2017,3.927
01-Oct-2017,3.831
01-Nov-2017,3.813
01-Dec-2017,3.605
01-Jan-2018,3.606
01-Feb-2018,3.628
01-Mar-2018,3.596
01-Apr-2018,3.559
01-May-2018,3.581
01-Jun-2018,3.643
01-Jul-2018,3.634
01-Aug-2018,3.641
01-Sep-2018,3.594
01-Oct-2018,3.544
01-Nov-2018,3.524
01-Dec-2018,3.585
01-Jan-2019,3.582
01-Feb-2019,3.549
01-Mar-2019,3.526
01-Apr-2019,3.489
01-May-2019,3.492
01-Jun-2019,3.552
01-Jul-2019,3.552
01-Aug-2019,3.537
01-Sep-2019,3.516
01-Oct-2019,3.477
01-Nov-2019,3.462
01-Dec-2019,3.266
01-Jan-2020,3.282
01-Feb-2020,3.255
01-Mar-2020,3.228
01-Apr-2020,3.225
01-May-2020,3.233
01-Jun-2020,3.291
01-Jul-2020,3.277
01-Aug-2020,3.257
01-Sep-2020,3.278
01-Oct-2020,3.248
01-Nov-2020,3.261
01-Dec-2020,3.28
01-Jan-2021,3.29
01-Feb-2021,3.31
01-Mar-2021,3.294
01-Apr-2021,3.294
01-May-2021,3.305
01-Jun-2021,3.352
01-Jul-2021,3.363
01-Aug-2021,3.385
01-Sep-2021,3.41
01-Oct-2021,3.447
01-Nov-2021,3.427
01-Dec-2021,3.526
01-Jan-2022,3.619
01-Feb-2022,3.585
01-Mar-2022,3.61
01-Apr-2022,3.636
01-May-2022,3.738
01-Jun-2022,3.863
01-Jul-2022,3.851
01-Aug-2022,3.908
01-Sep-2022,3.924
01-Oct-2022,3.865
01-Nov-2022,3.817
01-Dec-2022,3.646
01-Jan-2023,3.732
01-Feb-2023,3.617
01-Mar-2023,3.514
01-Apr-2023,3.432
01-May-2023,3.386
01-Jun-2023,3.454
01-Jul-2023,3.452
01-Aug-2023,3.457
01-Sep-2023,3.463
01-Oct-2023,3.432
01-Nov-2023,3.457
01-Dec-2023,3.283
01-Jan-2024,3.345
01-Feb-2024,3.329
01-Mar-2024,3.305
01-Apr-2024,3.25
01-May-2024,3.249
01-Jun-2024,3.309
01-Jul-2024,3.306
01-Aug-2024,3.275
01-Sep-2024,3.281
01-Oct-2024,3.268
01-Nov-2024,3.253
01-Dec-2024,3.233
01-Jan-2025,3.275
01-Feb-2025,3.286
01-Mar-2025,3.303
01-Apr-2025,3.304
01-May-2025,3.323
01-Jun-2025,3.404
01-Jul-2025,3.389
01-Aug-2025,3.367
01-Sep-2025,3.333
01-Oct-2025,NaN
01-Nov-2025,3.347
01-Dec-2025,3.402
01-Jan-2026,3.431
01-Feb-2026,3.423
01-Mar-2026,3.406
01-Apr-2026,3.41
01-May-2026,3.413
01-Jun-2026,3.461
01-Jul-2026,3.465
01-Aug-2026,3.442
