Date,Value
01-Jan-1967,28.8
01-Feb-1967,28.9
01-Mar-1967,29.0
01-Apr-1967,29.1
01-May-1967,29.1
01-Jun-1967,29.2
01-Jul-1967,29.3
01-Aug-1967,29.4
01-Sep-1967,29.6
01-Oct-1967,29.7
01-Nov-1967,29.8
01-Dec-1967,29.9
01-Jan-1968,30.1
01-Feb-1968,30.2
01-Mar-1968,30.4
01-Apr-1968,30.5
01-May-1968,30.6
01-Jun-1968,30.9
01-Jul-1968,31.1
01-Aug-1968,31.3
01-Sep-1968,31.4
01-Oct-1968,31.6
01-Nov-1968,31.7
01-Dec-1968,31.9
01-Jan-1969,32.1
01-Feb-1969,32.3
01-Mar-1969,32.6
01-Apr-1969,32.8
01-May-1969,33.0
01-Jun-1969,33.1
01-Jul-1969,33.3
01-Aug-1969,33.5
01-Sep-1969,33.8
01-Oct-1969,33.9
01-Nov-1969,34.1
01-Dec-1969,34.3
01-Jan-1970,34.6
01-Feb-1970,34.9
01-Mar-1970,35.3
01-Apr-1970,35.5
01-May-1970,35.7
01-Jun-1970,36.0
01-Jul-1970,36.2
01-Aug-1970,36.4
01-Sep-1970,36.6
01-Oct-1970,36.8
01-Nov-1970,37.0
01-Dec-1970,37.2
01-Jan-1971,37.4
01-Feb-1971,37.5
01-Mar-1971,37.4
01-Apr-1971,37.5
01-May-1971,37.7
01-Jun-1971,37.9
01-Jul-1971,38.1
01-Aug-1971,38.3
01-Sep-1971,38.4
01-Oct-1971,38.5
01-Nov-1971,38.6
01-Dec-1971,38.7
01-Jan-1972,38.9
01-Feb-1972,39.0
01-Mar-1972,39.1
01-Apr-1972,39.1
01-May-1972,39.2
01-Jun-1972,39.4
01-Jul-1972,39.5
01-Aug-1972,39.6
01-Sep-1972,39.7
01-Oct-1972,39.8
01-Nov-1972,39.9
01-Dec-1972,40.0
01-Jan-1973,40.1
01-Feb-1973,40.2
01-Mar-1973,40.4
01-Apr-1973,40.5
01-May-1973,40.6
01-Jun-1973,40.8
01-Jul-1973,40.9
01-Aug-1973,41.2
01-Sep-1973,41.6
01-Oct-1973,42.1
01-Nov-1973,42.3
01-Dec-1973,42.5
01-Jan-1974,42.8
01-Feb-1974,43.0
01-Mar-1974,43.3
01-Apr-1974,43.5
01-May-1974,44.0
01-Jun-1974,44.5
01-Jul-1974,44.9
01-Aug-1974,45.4
01-Sep-1974,45.9
01-Oct-1974,46.3
01-Nov-1974,46.7
01-Dec-1974,47.1
01-Jan-1975,47.4
01-Feb-1975,47.7
01-Mar-1975,47.9
01-Apr-1975,48.1
01-May-1975,48.2
01-Jun-1975,48.6
01-Jul-1975,48.8
01-Aug-1975,49.0
01-Sep-1975,49.5
01-Oct-1975,49.8
01-Nov-1975,50.4
01-Dec-1975,50.7
01-Jan-1976,51.2
01-Feb-1976,51.5
01-Mar-1976,51.8
01-Apr-1976,52.0
01-May-1976,52.2
01-Jun-1976,52.5
01-Jul-1976,52.9
01-Aug-1976,53.2
01-Sep-1976,53.5
01-Oct-1976,53.8
01-Nov-1976,54.1
01-Dec-1976,54.2
01-Jan-1977,54.6
01-Feb-1977,55.0
01-Mar-1977,55.3
01-Apr-1977,55.7
01-May-1977,56.0
01-Jun-1977,56.5
01-Jul-1977,56.9
01-Aug-1977,57.2
01-Sep-1977,57.5
01-Oct-1977,57.8
01-Nov-1977,58.1
01-Dec-1977,58.4
01-Jan-1978,58.9
01-Feb-1978,59.3
01-Mar-1978,59.6
01-Apr-1978,60.1
01-May-1978,60.5
01-Jun-1978,61.1
01-Jul-1978,61.6
01-Aug-1978,62.2
01-Sep-1978,62.8
01-Oct-1978,63.3
01-Nov-1978,63.8
01-Dec-1978,64.0
01-Jan-1979,64.5
01-Feb-1979,65.1
01-Mar-1979,65.6
01-Apr-1979,66.2
01-May-1979,66.9
01-Jun-1979,67.5
01-Jul-1979,68.3
01-Aug-1979,69.2
01-Sep-1979,69.9
01-Oct-1979,70.8
01-Nov-1979,71.8
01-Dec-1979,72.7
01-Jan-1980,73.8
01-Feb-1980,74.8
01-Mar-1980,76.2
01-Apr-1980,77.3
01-May-1980,78.4
01-Jun-1980,79.8
01-Jul-1980,79.1
01-Aug-1980,79.0
01-Sep-1980,79.6
01-Oct-1980,80.6
01-Nov-1980,81.7
01-Dec-1980,82.9
01-Jan-1981,83.7
01-Feb-1981,84.3
01-Mar-1981,85.0
01-Apr-1981,85.9
01-May-1981,87.1
01-Jun-1981,88.1
01-Jul-1981,89.6
01-Aug-1981,90.6
01-Sep-1981,91.9
01-Oct-1981,92.4
01-Nov-1981,93.1
01-Dec-1981,93.6
01-Jan-1982,94.0
01-Feb-1982,94.4
01-Mar-1982,94.3
01-Apr-1982,95.3
01-May-1982,96.1
01-Jun-1982,97.0
01-Jul-1982,97.5
01-Aug-1982,98.0
01-Sep-1982,97.9
01-Oct-1982,98.0
01-Nov-1982,97.7
01-Dec-1982,96.7
01-Jan-1983,97.3
01-Feb-1983,97.7
01-Mar-1983,97.8
01-Apr-1983,98.4
01-May-1983,98.7
01-Jun-1983,99.0
01-Jul-1983,99.4
01-Aug-1983,99.7
01-Sep-1983,100.1
01-Oct-1983,100.6
01-Nov-1983,101.1
01-Dec-1983,101.4
01-Jan-1984,102.1
01-Feb-1984,102.6
01-Mar-1984,103.0
01-Apr-1984,103.5
01-May-1984,103.8
01-Jun-1984,104.3
01-Jul-1984,104.9
01-Aug-1984,105.3
01-Sep-1984,105.8
01-Oct-1984,106.3
01-Nov-1984,106.7
01-Dec-1984,107.1
01-Jan-1985,107.5
01-Feb-1985,108.0
01-Mar-1985,108.5
01-Apr-1985,108.8
01-May-1985,109.6
01-Jun-1985,110.1
01-Jul-1985,110.7
01-Aug-1985,111.2
01-Sep-1985,111.5
01-Oct-1985,112.0
01-Nov-1985,112.8
01-Dec-1985,113.2
01-Jan-1986,113.8
01-Feb-1986,114.3
01-Mar-1986,115.0
01-Apr-1986,115.6
01-May-1986,115.9
01-Jun-1986,116.4
01-Jul-1986,116.8
01-Aug-1986,117.2
01-Sep-1986,117.7
01-Oct-1986,118.3
01-Nov-1986,118.7
01-Dec-1986,119.1
01-Jan-1987,119.4
01-Feb-1987,119.9
01-Mar-1987,120.2
01-Apr-1987,120.9
01-May-1987,121.4
01-Jun-1987,121.6
01-Jul-1987,122.0
01-Aug-1987,122.6
01-Sep-1987,123.1
01-Oct-1987,123.8
01-Nov-1987,124.1
01-Dec-1987,124.6
01-Jan-1988,125.1
01-Feb-1988,125.6
01-Mar-1988,126.1
01-Apr-1988,126.7
01-May-1988,127.2
01-Jun-1988,127.7
01-Jul-1988,128.1
01-Aug-1988,128.7
01-Sep-1988,129.2
01-Oct-1988,129.7
01-Nov-1988,130.2
01-Dec-1988,130.8
01-Jan-1989,131.3
01-Feb-1989,131.9
01-Mar-1989,132.5
01-Apr-1989,132.9
01-May-1989,133.6
01-Jun-1989,134.2
01-Jul-1989,134.8
01-Aug-1989,135.4
01-Sep-1989,135.7
01-Oct-1989,136.4
01-Nov-1989,137.0
01-Dec-1989,137.6
01-Jan-1990,138.2
01-Feb-1990,138.7
01-Mar-1990,139.7
01-Apr-1990,140.4
01-May-1990,141.0
01-Jun-1990,141.9
01-Jul-1990,142.8
01-Aug-1990,143.9
01-Sep-1990,144.4
01-Oct-1990,145.0
01-Nov-1990,145.5
01-Dec-1990,146.1
01-Jan-1991,147.0
01-Feb-1991,147.6
01-Mar-1991,148.1
01-Apr-1991,148.4
01-May-1991,148.9
01-Jun-1991,149.4
01-Jul-1991,150.0
01-Aug-1991,150.6
01-Sep-1991,151.2
01-Oct-1991,151.6
01-Nov-1991,152.2
01-Dec-1991,152.8
01-Jan-1992,153.3
01-Feb-1992,153.7
01-Mar-1992,154.3
01-Apr-1992,154.8
01-May-1992,155.2
01-Jun-1992,155.6
01-Jul-1992,156.1
01-Aug-1992,156.5
01-Sep-1992,156.7
01-Oct-1992,157.6
01-Nov-1992,158.2
01-Dec-1992,158.6
01-Jan-1993,159.3
01-Feb-1993,159.8
01-Mar-1993,160.0
01-Apr-1993,160.7
01-May-1993,161.3
01-Jun-1993,161.8
01-Jul-1993,162.1
01-Aug-1993,162.6
01-Sep-1993,163.1
01-Oct-1993,163.5
01-Nov-1993,164.1
01-Dec-1993,164.7
01-Jan-1994,165.1
01-Feb-1994,165.7
01-Mar-1994,166.3
01-Apr-1994,166.6
01-May-1994,166.8
01-Jun-1994,167.2
01-Jul-1994,167.6
01-Aug-1994,168.3
01-Sep-1994,168.7
01-Oct-1994,169.2
01-Nov-1994,169.7
01-Dec-1994,170.0
01-Jan-1995,170.8
01-Feb-1995,171.3
01-Mar-1995,172.0
01-Apr-1995,172.6
01-May-1995,173.1
01-Jun-1995,173.6
01-Jul-1995,174.0
01-Aug-1995,174.3
01-Sep-1995,174.9
01-Oct-1995,175.5
01-Nov-1995,175.9
01-Dec-1995,176.1
01-Jan-1996,176.7
01-Feb-1996,177.3
01-Mar-1996,177.7
01-Apr-1996,178.0
01-May-1996,178.7
01-Jun-1996,179.2
01-Jul-1996,179.7
01-Aug-1996,180.2
01-Sep-1996,180.7
01-Oct-1996,181.2
01-Nov-1996,181.7
01-Dec-1996,182.1
01-Jan-1997,182.5
01-Feb-1997,182.8
01-Mar-1997,183.4
01-Apr-1997,183.9
01-May-1997,184.3
01-Jun-1997,184.8
01-Jul-1997,185.3
01-Aug-1997,185.6
01-Sep-1997,186.0
01-Oct-1997,186.6
01-Nov-1997,187.0
01-Dec-1997,187.5
01-Jan-1998,188.1
01-Feb-1998,188.5
01-Mar-1998,189.0
01-Apr-1998,189.5
01-May-1998,190.0
01-Jun-1998,190.3
01-Jul-1998,190.7
01-Aug-1998,191.2
01-Sep-1998,191.8
01-Oct-1998,192.2
01-Nov-1998,192.8
01-Dec-1998,193.2
01-Jan-1999,193.4
01-Feb-1999,193.7
01-Mar-1999,194.2
01-Apr-1999,194.8
01-May-1999,195.1
01-Jun-1999,195.3
01-Jul-1999,195.9
01-Aug-1999,196.2
01-Sep-1999,196.7
01-Oct-1999,197.2
01-Nov-1999,197.9
01-Dec-1999,198.3
01-Jan-2000,199.2
01-Feb-2000,199.5
01-Mar-2000,200.2
01-Apr-2000,200.6
01-May-2000,201.2
01-Jun-2000,201.9
01-Jul-2000,202.5
01-Aug-2000,203.2
01-Sep-2000,203.6
01-Oct-2000,204.1
01-Nov-2000,204.7
01-Dec-2000,205.1
01-Jan-2001,206.0
01-Feb-2001,206.6
01-Mar-2001,207.3
01-Apr-2001,207.8
01-May-2001,208.4
01-Jun-2001,209.4
01-Jul-2001,209.9
01-Aug-2001,210.8
01-Sep-2001,211.2
01-Oct-2001,211.7
01-Nov-2001,212.7
01-Dec-2001,213.3
01-Jan-2002,214.2
01-Feb-2002,215.0
01-Mar-2002,215.4
01-Apr-2002,216.0
01-May-2002,216.6
01-Jun-2002,217.0
01-Jul-2002,217.7
01-Aug-2002,218.5
01-Sep-2002,219.0
01-Oct-2002,219.5
01-Nov-2002,220.2
01-Dec-2002,220.7
01-Jan-2003,221.5
01-Feb-2003,221.8
01-Mar-2003,222.0
01-Apr-2003,222.2
01-May-2003,223.1
01-Jun-2003,223.3
01-Jul-2003,224.0
01-Aug-2003,224.4
01-Sep-2003,224.9
01-Oct-2003,225.7
01-Nov-2003,226.0
01-Dec-2003,226.5
01-Jan-2004,227.1
01-Feb-2004,227.4
01-Mar-2004,228.3
01-Apr-2004,229.0
01-May-2004,229.5
01-Jun-2004,230.0
01-Jul-2004,230.5
01-Aug-2004,230.9
01-Sep-2004,231.6
01-Oct-2004,232.0
01-Nov-2004,232.5
01-Dec-2004,232.9
01-Jan-2005,233.5
01-Feb-2005,234.2
01-Mar-2005,235.3
01-Apr-2005,235.6
01-May-2005,235.9
01-Jun-2005,236.2
01-Jul-2005,236.8
01-Aug-2005,237.1
01-Sep-2005,237.4
01-Oct-2005,238.3
01-Nov-2005,239.2
01-Dec-2005,239.8
01-Jan-2006,240.3
01-Feb-2006,241.1
01-Mar-2006,242.0
01-Apr-2006,242.8
01-May-2006,243.7
01-Jun-2006,244.5
01-Jul-2006,245.2
01-Aug-2006,246.0
01-Sep-2006,246.6
01-Oct-2006,247.4
01-Nov-2006,248.0
01-Dec-2006,248.6
01-Jan-2007,249.382
01-Feb-2007,250.242
01-Mar-2007,250.742
01-Apr-2007,251.385
01-May-2007,251.991
01-Jun-2007,252.647
01-Jul-2007,253.271
01-Aug-2007,253.874
01-Sep-2007,254.616
01-Oct-2007,255.379
01-Nov-2007,256.164
01-Dec-2007,256.933
01-Jan-2008,257.748
01-Feb-2008,258.158
01-Mar-2008,259.048
01-Apr-2008,259.298
01-May-2008,260.029
01-Jun-2008,260.86
01-Jul-2008,261.565
01-Aug-2008,262.226
01-Sep-2008,262.815
01-Oct-2008,263.141
01-Nov-2008,263.492
01-Dec-2008,263.685
01-Jan-2009,264.282
01-Feb-2009,264.654
01-Mar-2009,265.014
01-Apr-2009,265.275
01-May-2009,265.477
01-Jun-2009,265.596
01-Jul-2009,265.788
01-Aug-2009,266.401
01-Sep-2009,266.67
01-Oct-2009,267.081
01-Nov-2009,267.076
01-Dec-2009,267.236
01-Jan-2010,266.739
01-Feb-2010,266.943
01-Mar-2010,267.153
01-Apr-2010,267.514
01-May-2010,267.853
01-Jun-2010,268.213
01-Jul-2010,268.499
01-Aug-2010,268.689
01-Sep-2010,268.957
01-Oct-2010,269.182
01-Nov-2010,269.669
01-Dec-2010,269.946
01-Jan-2011,270.487
01-Feb-2011,270.989
01-Mar-2011,271.355
01-Apr-2011,271.642
01-May-2011,271.984
01-Jun-2011,272.514
01-Jul-2011,273.175
01-Aug-2011,273.952
01-Sep-2011,274.356
01-Oct-2011,274.865
01-Nov-2011,275.296
01-Dec-2011,276.089
01-Jan-2012,276.734
01-Feb-2012,277.01
01-Mar-2012,277.667
01-Apr-2012,278.311
01-May-2012,278.721
01-Jun-2012,279.335
01-Jul-2012,279.901
01-Aug-2012,280.521
01-Sep-2012,281.181
01-Oct-2012,281.715
01-Nov-2012,282.143
01-Dec-2012,282.847
01-Jan-2013,283.564
01-Feb-2013,284.195
01-Mar-2013,284.738
01-Apr-2013,284.827
01-May-2013,285.137
01-Jun-2013,285.699
01-Jul-2013,286.501
01-Aug-2013,287.271
01-Sep-2013,287.873
01-Oct-2013,288.261
01-Nov-2013,288.894
01-Dec-2013,289.49
01-Jan-2014,290.063
01-Feb-2014,290.59
01-Mar-2014,291.366
01-Apr-2014,292.062
01-May-2014,292.806
01-Jun-2014,293.271
01-Jul-2014,293.92
01-Aug-2014,294.35
01-Sep-2014,294.853
01-Oct-2014,295.479
01-Nov-2014,296.127
01-Dec-2014,296.555
01-Jan-2015,297.27
01-Feb-2015,297.702
01-Mar-2015,298.466
01-Apr-2015,299.347
01-May-2015,299.91
01-Jun-2015,300.662
01-Jul-2015,301.553
01-Aug-2015,302.054
01-Sep-2015,302.814
01-Oct-2015,303.738
01-Nov-2015,304.599
01-Dec-2015,305.219
01-Jan-2016,306.082
01-Feb-2016,306.819
01-Mar-2016,307.538
01-Apr-2016,308.451
01-May-2016,309.421
01-Jun-2016,310.354
01-Jul-2016,310.99
01-Aug-2016,311.824
01-Sep-2016,312.348
01-Oct-2016,312.98
01-Nov-2016,313.848
01-Dec-2016,314.701
01-Jan-2017,315.557
01-Feb-2017,316.398
01-Mar-2017,316.298
01-Apr-2017,316.804
01-May-2017,317.379
01-Jun-2017,318.046
01-Jul-2017,318.581
01-Aug-2017,319.594
01-Sep-2017,320.32
01-Oct-2017,321.304
01-Nov-2017,321.847
01-Dec-2017,322.767
01-Jan-2018,323.842
01-Feb-2018,324.616
01-Mar-2018,325.461
01-Apr-2018,326.07
01-May-2018,326.999
01-Jun-2018,327.704
01-Jul-2018,328.432
01-Aug-2018,329.054
01-Sep-2018,329.794
01-Oct-2018,330.488
01-Nov-2018,331.189
01-Dec-2018,332.093
01-Jan-2019,332.853
01-Feb-2019,333.622
01-Mar-2019,334.296
01-Apr-2019,335.264
01-May-2019,335.821
01-Jun-2019,336.728
01-Jul-2019,337.621
01-Aug-2019,338.548
01-Sep-2019,339.461
01-Oct-2019,340.409
01-Nov-2019,341.296
01-Dec-2019,342.021
01-Jan-2020,343.272
01-Feb-2020,344.125
01-Mar-2020,343.768
01-Apr-2020,342.508
01-May-2020,342.329
01-Jun-2020,343.259
01-Jul-2020,345.28
01-Aug-2020,345.913
01-Sep-2020,346.004
01-Oct-2020,346.302
01-Nov-2020,347.166
01-Dec-2020,347.508
01-Jan-2021,347.622
01-Feb-2021,348.449
01-Mar-2021,349.342
01-Apr-2021,351.017
01-May-2021,352.15
01-Jun-2021,353.72
01-Jul-2021,355.085
01-Aug-2021,355.355
01-Sep-2021,356.039
01-Oct-2021,357.631
01-Nov-2021,359.116
01-Dec-2021,360.353
01-Jan-2022,361.776
01-Feb-2022,363.705
01-Mar-2022,365.6
01-Apr-2022,368.292
01-May-2022,370.356
01-Jun-2022,373.179
01-Jul-2022,374.896
01-Aug-2022,376.951
01-Sep-2022,379.719
01-Oct-2022,381.747
01-Nov-2022,383.604
01-Dec-2022,385.666
01-Jan-2023,387.676
01-Feb-2023,390.116
01-Mar-2023,391.613
01-Apr-2023,393.434
01-May-2023,394.692
01-Jun-2023,396.15
01-Jul-2023,397.813
01-Aug-2023,399.157
01-Sep-2023,401.294
01-Oct-2023,402.788
01-Nov-2023,404.695
01-Dec-2023,406.159
01-Jan-2024,408.579
01-Feb-2024,410.539
01-Mar-2024,412.733
01-Apr-2024,414.371
01-May-2024,415.245
01-Jun-2024,416.08
01-Jul-2024,417.361
01-Aug-2024,418.852
01-Sep-2024,420.377
01-Oct-2024,422.04
01-Nov-2024,423.277
01-Dec-2024,424.227
01-Jan-2025,426.204
01-Feb-2025,427.422
01-Mar-2025,427.911
01-Apr-2025,429.192
01-May-2025,429.914
01-Jun-2025,431.105
01-Jul-2025,432.617
01-Aug-2025,433.984
01-Sep-2025,434.996
01-Nov-2025,435.903
01-Dec-2025,437.09
01-Jan-2026,438.784
01-Feb-2026,439.959
01-Mar-2026,440.951
01-Apr-2026,443.154
01-May-2026,444.46
01-Jun-2026,444.602
01-Jul-2026,445.616
01-Aug-2026,447.075
