DATAFLOW,LAST UPDATE,freq,unit,s_adj,na_item,geo,TIME_PERIOD,OBS_VALUE,OBS_FLAG,CONF_STATUS
ESTAT:NAMQ_10_GDP(1.0),21/09/26 23:00:00,Q,CLV10_MEUR,SCA,B1GQ,EA21,1995-Q1,1854853.9,e,
ESTAT:NAMQ_10_GDP(1.0),21/09/26 23:00:00,Q,CLV10_MEUR,SCA,B1GQ,EA21,1995-Q2,1870135.8,e,
ESTAT:NAMQ_10_GDP(1.0),21/09/26 23:00:00,Q,CLV10_MEUR,SCA,B1GQ,EA21,1995-Q3,1874327.6,e,
ESTAT:NAMQ_10_GDP(1.0),21/09/26 23:00:00,Q,CLV10_MEUR,SCA,B1GQ,EA21,1995-Q4,1878790.4,e,
ESTAT:NAMQ_10_GDP(1.0),21/09/26 23:00:00,Q,CLV10_MEUR,SCA,B1GQ,EA21,1996-Q1,1882106.5,,
ESTAT:NAMQ_10_GDP(1.0),21/09/26 23:00:00,Q,CLV10_MEUR,SCA,B1GQ,EA21,1996-Q2,1897140.2,,
ESTAT:NAMQ_10_GDP(1.0),21/09/26 23:00:00,Q,CLV10_MEUR,SCA,B1GQ,EA21,1996-Q3,1905361.3,,
ESTAT:NAMQ_10_GDP(1.0),21/09/26 23:00:00,Q,CLV10_MEUR,SCA,B1GQ,EA21,1996-Q4,1916212.2,,
ESTAT:NAMQ_10_GDP(1.0),21/09/26 23:00:00,Q,CLV10_MEUR,SCA,B1GQ,EA21,1997-Q1,1921662.1,,
ESTAT:NAMQ_10_GDP(1.0),21/09/26 23:00:00,Q,CLV10_MEUR,SCA,B1GQ,EA21,1997-Q2,1945005.3,,
ESTAT:NAMQ_10_GDP(1.0),21/09/26 23:00:00,Q,CLV10_MEUR,SCA,B1GQ,EA21,1997-Q3,1959554.9,,
ESTAT:NAMQ_10_GDP(1.0),21/09/26 23:00:00,Q,CLV10_MEUR,SCA,B1GQ,EA21,1997-Q4,1980206.6,,
ESTAT:NAMQ_10_GDP(1.0),21/09/26 23:00:00,Q,CLV10_MEUR,SCA,B1GQ,EA21,1998-Q1,1994749.7,,
ESTAT:NAMQ_10_GDP(1.0),21/09/26 23:00:00,Q,CLV10_MEUR,SCA,B1GQ,EA21,1998-Q2,2002863.1,,
ESTAT:NAMQ_10_GDP(1.0),21/09/26 23:00:00,Q,CLV10_MEUR,SCA,B1GQ,EA21,1998-Q3,2012656.9,,
ESTAT:NAMQ_10_GDP(1.0),21/09/26 23:00:00,Q,CLV10_MEUR,SCA,B1GQ,EA21,1998-Q4,2018685.8,,
ESTAT:NAMQ_10_GDP(1.0),21/09/26 23:00:00,Q,CLV10_MEUR,SCA,B1GQ,EA21,1999-Q1,2038876.4,,
ESTAT:NAMQ_10_GDP(1.0),21/09/26 23:00:00,Q,CLV10_MEUR,SCA,B1GQ,EA21,1999-Q2,2049145.0,,
ESTAT:NAMQ_10_GDP(1.0),21/09/26 23:00:00,Q,CLV10_MEUR,SCA,B1GQ,EA21,1999-Q3,2075174.0,,
ESTAT:NAMQ_10_GDP(1.0),21/09/26 23:00:00,Q,CLV10_MEUR,SCA,B1GQ,EA21,1999-Q4,2097221.3,,
ESTAT:NAMQ_10_GDP(1.0),21/09/26 23:00:00,Q,CLV10_MEUR,SCA,B1GQ,EA21,2000-Q1,2124076.5,,
ESTAT:NAMQ_10_GDP(1.0),21/09/26 23:00:00,Q,CLV10_MEUR,SCA,B1GQ,EA21,2000-Q2,2144032.0,,
ESTAT:NAMQ_10_GDP(1.0),21/09/26 23:00:00,Q,CLV10_MEUR,SCA,B1GQ,EA21,2000-Q3,2157800.7,,
ESTAT:NAMQ_10_GDP(1.0),21/09/26 23:00:00,Q,CLV10_MEUR,SCA,B1GQ,EA21,2000-Q4,2168535.4,,
ESTAT:NAMQ_10_GDP(1.0),21/09/26 23:00:00,Q,CLV10_MEUR,SCA,B1GQ,EA21,2001-Q1,2191985.4,,
ESTAT:NAMQ_10_GDP(1.0),21/09/26 23:00:00,Q,CLV10_MEUR,SCA,B1GQ,EA21,2001-Q2,2193710.7,,
ESTAT:NAMQ_10_GDP(1.0),21/09/26 23:00:00,Q,CLV10_MEUR,SCA,B1GQ,EA21,2001-Q3,2197491.6,,
ESTAT:NAMQ_10_GDP(1.0),21/09/26 23:00:00,Q,CLV10_MEUR,SCA,B1GQ,EA21,2001-Q4,2196976.0,,
ESTAT:NAMQ_10_GDP(1.0),21/09/26 23:00:00,Q,CLV10_MEUR,SCA,B1GQ,EA21,2002-Q1,2201910.8,,
ESTAT:NAMQ_10_GDP(1.0),21/09/26 23:00:00,Q,CLV10_MEUR,SCA,B1GQ,EA21,2002-Q2,2212763.1,,
ESTAT:NAMQ_10_GDP(1.0),21/09/26 23:00:00,Q,CLV10_MEUR,SCA,B1GQ,EA21,2002-Q3,2221505.5,,
ESTAT:NAMQ_10_GDP(1.0),21/09/26 23:00:00,Q,CLV10_MEUR,SCA,B1GQ,EA21,2002-Q4,2226519.3,,
ESTAT:NAMQ_10_GDP(1.0),21/09/26 23:00:00,Q,CLV10_MEUR,SCA,B1GQ,EA21,2003-Q1,2220496.6,,
ESTAT:NAMQ_10_GDP(1.0),21/09/26 23:00:00,Q,CLV10_MEUR,SCA,B1GQ,EA21,2003-Q2,2222084.0,,
ESTAT:NAMQ_10_GDP(1.0),21/09/26 23:00:00,Q,CLV10_MEUR,SCA,B1GQ,EA21,2003-Q3,2235471.1,,
ESTAT:NAMQ_10_GDP(1.0),21/09/26 23:00:00,Q,CLV10_MEUR,SCA,B1GQ,EA21,2003-Q4,2250464.4,,
ESTAT:NAMQ_10_GDP(1.0),21/09/26 23:00:00,Q,CLV10_MEUR,SCA,B1GQ,EA21,2004-Q1,2262391.7,,
ESTAT:NAMQ_10_GDP(1.0),21/09/26 23:00:00,Q,CLV10_MEUR,SCA,B1GQ,EA21,2004-Q2,2276885.5,,
ESTAT:NAMQ_10_GDP(1.0),21/09/26 23:00:00,Q,CLV10_MEUR,SCA,B1GQ,EA21,2004-Q3,2281212.2,,
ESTAT:NAMQ_10_GDP(1.0),21/09/26 23:00:00,Q,CLV10_MEUR,SCA,B1GQ,EA21,2004-Q4,2291515.1,,
ESTAT:NAMQ_10_GDP(1.0),21/09/26 23:00:00,Q,CLV10_MEUR,SCA,B1GQ,EA21,2005-Q1,2298056.4,,
ESTAT:NAMQ_10_GDP(1.0),21/09/26 23:00:00,Q,CLV10_MEUR,SCA,B1GQ,EA21,2005-Q2,2312496.6,,
ESTAT:NAMQ_10_GDP(1.0),21/09/26 23:00:00,Q,CLV10_MEUR,SCA,B1GQ,EA21,2005-Q3,2329140.2,,
ESTAT:NAMQ_10_GDP(1.0),21/09/26 23:00:00,Q,CLV10_MEUR,SCA,B1GQ,EA21,2005-Q4,2345836.8,,
ESTAT:NAMQ_10_GDP(1.0),21/09/26 23:00:00,Q,CLV10_MEUR,SCA,B1GQ,EA21,2006-Q1,2368079.3,,
ESTAT:NAMQ_10_GDP(1.0),21/09/26 23:00:00,Q,CLV10_MEUR,SCA,B1GQ,EA21,2006-Q2,2394554.2,,
ESTAT:NAMQ_10_GDP(1.0),21/09/26 23:00:00,Q,CLV10_MEUR,SCA,B1GQ,EA21,2006-Q3,2407108.0,,
ESTAT:NAMQ_10_GDP(1.0),21/09/26 23:00:00,Q,CLV10_MEUR,SCA,B1GQ,EA21,2006-Q4,2435360.7,,
ESTAT:NAMQ_10_GDP(1.0),21/09/26 23:00:00,Q,CLV10_MEUR,SCA,B1GQ,EA21,2007-Q1,2452891.1,,
ESTAT:NAMQ_10_GDP(1.0),21/09/26 23:00:00,Q,CLV10_MEUR,SCA,B1GQ,EA21,2007-Q2,2469488.0,,
ESTAT:NAMQ_10_GDP(1.0),21/09/26 23:00:00,Q,CLV10_MEUR,SCA,B1GQ,EA21,2007-Q3,2478536.1,,
ESTAT:NAMQ_10_GDP(1.0),21/09/26 23:00:00,Q,CLV10_MEUR,SCA,B1GQ,EA21,2007-Q4,2491478.0,,
ESTAT:NAMQ_10_GDP(1.0),21/09/26 23:00:00,Q,CLV10_MEUR,SCA,B1GQ,EA21,2008-Q1,2507977.2,,
ESTAT:NAMQ_10_GDP(1.0),21/09/26 23:00:00,Q,CLV10_MEUR,SCA,B1GQ,EA21,2008-Q2,2495501.6,,
ESTAT:NAMQ_10_GDP(1.0),21/09/26 23:00:00,Q,CLV10_MEUR,SCA,B1GQ,EA21,2008-Q3,2481561.7,,
ESTAT:NAMQ_10_GDP(1.0),21/09/26 23:00:00,Q,CLV10_MEUR,SCA,B1GQ,EA21,2008-Q4,2439188.7,,
ESTAT:NAMQ_10_GDP(1.0),21/09/26 23:00:00,Q,CLV10_MEUR,SCA,B1GQ,EA21,2009-Q1,2364594.4,,
ESTAT:NAMQ_10_GDP(1.0),21/09/26 23:00:00,Q,CLV10_MEUR,SCA,B1GQ,EA21,2009-Q2,2364650.9,,
ESTAT:NAMQ_10_GDP(1.0),21/09/26 23:00:00,Q,CLV10_MEUR,SCA,B1GQ,EA21,2009-Q3,2373103.1,,
ESTAT:NAMQ_10_GDP(1.0),21/09/26 23:00:00,Q,CLV10_MEUR,SCA,B1GQ,EA21,2009-Q4,2383258.4,,
ESTAT:NAMQ_10_GDP(1.0),21/09/26 23:00:00,Q,CLV10_MEUR,SCA,B1GQ,EA21,2010-Q1,2392990.8,,
ESTAT:NAMQ_10_GDP(1.0),21/09/26 23:00:00,Q,CLV10_MEUR,SCA,B1GQ,EA21,2010-Q2,2415379.6,,
ESTAT:NAMQ_10_GDP(1.0),21/09/26 23:00:00,Q,CLV10_MEUR,SCA,B1GQ,EA21,2010-Q3,2425924.8,,
ESTAT:NAMQ_10_GDP(1.0),21/09/26 23:00:00,Q,CLV10_MEUR,SCA,B1GQ,EA21,2010-Q4,2439904.1,,
ESTAT:NAMQ_10_GDP(1.0),21/09/26 23:00:00,Q,CLV10_MEUR,SCA,B1GQ,EA21,2011-Q1,2463321.4,,
ESTAT:NAMQ_10_GDP(1.0),21/09/26 23:00:00,Q,CLV10_MEUR,SCA,B1GQ,EA21,2011-Q2,2463513.5,,
ESTAT:NAMQ_10_GDP(1.0),21/09/26 23:00:00,Q,CLV10_MEUR,SCA,B1GQ,EA21,2011-Q3,2463801.5,,
ESTAT:NAMQ_10_GDP(1.0),21/09/26 23:00:00,Q,CLV10_MEUR,SCA,B1GQ,EA21,2011-Q4,2456285.5,,
ESTAT:NAMQ_10_GDP(1.0),21/09/26 23:00:00,Q,CLV10_MEUR,SCA,B1GQ,EA21,2012-Q1,2451184.2,,
ESTAT:NAMQ_10_GDP(1.0),21/09/26 23:00:00,Q,CLV10_MEUR,SCA,B1GQ,EA21,2012-Q2,2442444.5,,
ESTAT:NAMQ_10_GDP(1.0),21/09/26 23:00:00,Q,CLV10_MEUR,SCA,B1GQ,EA21,2012-Q3,2438651.0,,
ESTAT:NAMQ_10_GDP(1.0),21/09/26 23:00:00,Q,CLV10_MEUR,SCA,B1GQ,EA21,2012-Q4,2428122.0,,
ESTAT:NAMQ_10_GDP(1.0),21/09/26 23:00:00,Q,CLV10_MEUR,SCA,B1GQ,EA21,2013-Q1,2420803.3,,
ESTAT:NAMQ_10_GDP(1.0),21/09/26 23:00:00,Q,CLV10_MEUR,SCA,B1GQ,EA21,2013-Q2,2437179.5,,
ESTAT:NAMQ_10_GDP(1.0),21/09/26 23:00:00,Q,CLV10_MEUR,SCA,B1GQ,EA21,2013-Q3,2443370.6,,
ESTAT:NAMQ_10_GDP(1.0),21/09/26 23:00:00,Q,CLV10_MEUR,SCA,B1GQ,EA21,2013-Q4,2448556.7,,
ESTAT:NAMQ_10_GDP(1.0),21/09/26 23:00:00,Q,CLV10_MEUR,SCA,B1GQ,EA21,2014-Q1,2460709.2,,
ESTAT:NAMQ_10_GDP(1.0),21/09/26 23:00:00,Q,CLV10_MEUR,SCA,B1GQ,EA21,2014-Q2,2466708.3,,
ESTAT:NAMQ_10_GDP(1.0),21/09/26 23:00:00,Q,CLV10_MEUR,SCA,B1GQ,EA21,2014-Q3,2477854.6,,
ESTAT:NAMQ_10_GDP(1.0),21/09/26 23:00:00,Q,CLV10_MEUR,SCA,B1GQ,EA21,2014-Q4,2487723.5,,
ESTAT:NAMQ_10_GDP(1.0),21/09/26 23:00:00,Q,CLV10_MEUR,SCA,B1GQ,EA21,2015-Q1,2507503.3,,
ESTAT:NAMQ_10_GDP(1.0),21/09/26 23:00:00,Q,CLV10_MEUR,SCA,B1GQ,EA21,2015-Q2,2518466.3,,
ESTAT:NAMQ_10_GDP(1.0),21/09/26 23:00:00,Q,CLV10_MEUR,SCA,B1GQ,EA21,2015-Q3,2528795.5,,
ESTAT:NAMQ_10_GDP(1.0),21/09/26 23:00:00,Q,CLV10_MEUR,SCA,B1GQ,EA21,2015-Q4,2540884.4,,
ESTAT:NAMQ_10_GDP(1.0),21/09/26 23:00:00,Q,CLV10_MEUR,SCA,B1GQ,EA21,2016-Q1,2553768.3,,
ESTAT:NAMQ_10_GDP(1.0),21/09/26 23:00:00,Q,CLV10_MEUR,SCA,B1GQ,EA21,2016-Q2,2558520.5,,
ESTAT:NAMQ_10_GDP(1.0),21/09/26 23:00:00,Q,CLV10_MEUR,SCA,B1GQ,EA21,2016-Q3,2571270.9,,
ESTAT:NAMQ_10_GDP(1.0),21/09/26 23:00:00,Q,CLV10_MEUR,SCA,B1GQ,EA21,2016-Q4,2591918.4,,
ESTAT:NAMQ_10_GDP(1.0),21/09/26 23:00:00,Q,CLV10_MEUR,SCA,B1GQ,EA21,2017-Q1,2611823.1,,
ESTAT:NAMQ_10_GDP(1.0),21/09/26 23:00:00,Q,CLV10_MEUR,SCA,B1GQ,EA21,2017-Q2,2629816.2,,
ESTAT:NAMQ_10_GDP(1.0),21/09/26 23:00:00,Q,CLV10_MEUR,SCA,B1GQ,EA21,2017-Q3,2650098.6,,
ESTAT:NAMQ_10_GDP(1.0),21/09/26 23:00:00,Q,CLV10_MEUR,SCA,B1GQ,EA21,2017-Q4,2671661.3,,
ESTAT:NAMQ_10_GDP(1.0),21/09/26 23:00:00,Q,CLV10_MEUR,SCA,B1GQ,EA21,2018-Q1,2672581.0,,
ESTAT:NAMQ_10_GDP(1.0),21/09/26 23:00:00,Q,CLV10_MEUR,SCA,B1GQ,EA21,2018-Q2,2685767.4,,
ESTAT:NAMQ_10_GDP(1.0),21/09/26 23:00:00,Q,CLV10_MEUR,SCA,B1GQ,EA21,2018-Q3,2689934.2,,
ESTAT:NAMQ_10_GDP(1.0),21/09/26 23:00:00,Q,CLV10_MEUR,SCA,B1GQ,EA21,2018-Q4,2703547.2,,
ESTAT:NAMQ_10_GDP(1.0),21/09/26 23:00:00,Q,CLV10_MEUR,SCA,B1GQ,EA21,2019-Q1,2724035.8,,
ESTAT:NAMQ_10_GDP(1.0),21/09/26 23:00:00,Q,CLV10_MEUR,SCA,B1GQ,EA21,2019-Q2,2732747.3,,
ESTAT:NAMQ_10_GDP(1.0),21/09/26 23:00:00,Q,CLV10_MEUR,SCA,B1GQ,EA21,2019-Q3,2739869.0,,
ESTAT:NAMQ_10_GDP(1.0),21/09/26 23:00:00,Q,CLV10_MEUR,SCA,B1GQ,EA21,2019-Q4,2735491.0,,
ESTAT:NAMQ_10_GDP(1.0),21/09/26 23:00:00,Q,CLV10_MEUR,SCA,B1GQ,EA21,2020-Q1,2649440.0,,
ESTAT:NAMQ_10_GDP(1.0),21/09/26 23:00:00,Q,CLV10_MEUR,SCA,B1GQ,EA21,2020-Q2,2354601.0,,
ESTAT:NAMQ_10_GDP(1.0),21/09/26 23:00:00,Q,CLV10_MEUR,SCA,B1GQ,EA21,2020-Q3,2625895.0,,
ESTAT:NAMQ_10_GDP(1.0),21/09/26 23:00:00,Q,CLV10_MEUR,SCA,B1GQ,EA21,2020-Q4,2633064.8,,
ESTAT:NAMQ_10_GDP(1.0),21/09/26 23:00:00,Q,CLV10_MEUR,SCA,B1GQ,EA21,2021-Q1,2656788.2,,
ESTAT:NAMQ_10_GDP(1.0),21/09/26 23:00:00,Q,CLV10_MEUR,SCA,B1GQ,EA21,2021-Q2,2713544.2,,
ESTAT:NAMQ_10_GDP(1.0),21/09/26 23:00:00,Q,CLV10_MEUR,SCA,B1GQ,EA21,2021-Q3,2763323.7,,
ESTAT:NAMQ_10_GDP(1.0),21/09/26 23:00:00,Q,CLV10_MEUR,SCA,B1GQ,EA21,2021-Q4,2783202.0,,
ESTAT:NAMQ_10_GDP(1.0),21/09/26 23:00:00,Q,CLV10_MEUR,SCA,B1GQ,EA21,2022-Q1,2804329.2,,
ESTAT:NAMQ_10_GDP(1.0),21/09/26 23:00:00,Q,CLV10_MEUR,SCA,B1GQ,EA21,2022-Q2,2830790.6,,
ESTAT:NAMQ_10_GDP(1.0),21/09/26 23:00:00,Q,CLV10_MEUR,SCA,B1GQ,EA21,2022-Q3,2846147.5,,
ESTAT:NAMQ_10_GDP(1.0),21/09/26 23:00:00,Q,CLV10_MEUR,SCA,B1GQ,EA21,2022-Q4,2844573.6,,
ESTAT:NAMQ_10_GDP(1.0),21/09/26 23:00:00,Q,CLV10_MEUR,SCA,B1GQ,EA21,2023-Q1,2839098.8,,
ESTAT:NAMQ_10_GDP(1.0),21/09/26 23:00:00,Q,CLV10_MEUR,SCA,B1GQ,EA21,2023-Q2,2844884.8,,
ESTAT:NAMQ_10_GDP(1.0),21/09/26 23:00:00,Q,CLV10_MEUR,SCA,B1GQ,EA21,2023-Q3,2850150.1,,
ESTAT:NAMQ_10_GDP(1.0),21/09/26 23:00:00,Q,CLV10_MEUR,SCA,B1GQ,EA21,2023-Q4,2850484.3,,
ESTAT:NAMQ_10_GDP(1.0),21/09/26 23:00:00,Q,CLV10_MEUR,SCA,B1GQ,EA21,2024-Q1,2862874.0,,
ESTAT:NAMQ_10_GDP(1.0),21/09/26 23:00:00,Q,CLV10_MEUR,SCA,B1GQ,EA21,2024-Q2,2869529.7,,
ESTAT:NAMQ_10_GDP(1.0),21/09/26 23:00:00,Q,CLV10_MEUR,SCA,B1GQ,EA21,2024-Q3,2884992.5,,
ESTAT:NAMQ_10_GDP(1.0),21/09/26 23:00:00,Q,CLV10_MEUR,SCA,B1GQ,EA21,2024-Q4,2894448.8,,
ESTAT:NAMQ_10_GDP(1.0),21/09/26 23:00:00,Q,CLV10_MEUR,SCA,B1GQ,EA21,2025-Q1,2908642.6,,
ESTAT:NAMQ_10_GDP(1.0),21/09/26 23:00:00,Q,CLV10_MEUR,SCA,B1GQ,EA21,2025-Q2,2909626.1,,
ESTAT:NAMQ_10_GDP(1.0),21/09/26 23:00:00,Q,CLV10_MEUR,SCA,B1GQ,EA21,2025-Q3,2918686.0,,
ESTAT:NAMQ_10_GDP(1.0),21/09/26 23:00:00,Q,CLV10_MEUR,SCA,B1GQ,EA21,2025-Q4,2925489.0,,
ESTAT:NAMQ_10_GDP(1.0),21/09/26 23:00:00,Q,CLV10_MEUR,SCA,B1GQ,EA21,2026-Q1,2925200.5,,
ESTAT:NAMQ_10_GDP(1.0),21/09/26 23:00:00,Q,CLV10_MEUR,SCA,B1GQ,EA21,2026-Q2,2943716.9,,
