# BLS CPI-U relative importances, December values (parts per 100).
# Source: BLS relative importance tables, https://www.bls.gov/cpi/tables/relative-importance/
# (one table per year; December 1984 and 1985 only in the scanned CPI Detailed Report on FRASER).
# Columns: all items, energy, owners equivalent rent, household energy,
# services less energy services, food away from home.
december,AllItems,Energy,OER,HouseholdEnergy,ServicesLessEnergyServices,FoodAwayFromHome
1953,,,,,,4.600
1954,,,,,,4.680
1955,,,,,,4.730
1956,,,,,,4.700
1957,,6.000,,,,4.800
1958,,5.800,,,,4.800
1959,,6.000,,,,4.800
1960,,5.900,,,,4.900
1963,,6.720,,,,4.540
1964,,6.660,,,,4.560
1965,,6.660,,,,4.620
1966,,6.560,,,,4.700
1967,,6.460,,,,4.780
1968,,6.270,,,,4.830
1969,,6.030,,,,4.870
1970,,6.040,,,,4.910
1971,,6.022,,,,4.960
1972,,5.991,,,,4.998
1973,,6.424,,,,5.177
1974,,6.914,,,,5.128
1975,,7.265,,,,5.150
1976,,7.399,,,,5.210
1977,100.000,8.585,,4.289,37.302,5.483
1978,100.000,8.502,,4.231,37.435,5.545
1979,100.000,10.313,,4.607,37.544,5.454
1980,100.000,10.834,,4.796,38.104,5.319
1981,100.000,11.133,,5.071,39.498,5.235
1982,100.000,12.405,13.490,6.214,42.431,6.097
1983,100.000,11.897,13.582,6.030,42.863,6.116
1984,100.000,11.466,13.728,5.958,43.544,6.128
1985,100.000,11.252,14.015,5.783,44.360,6.133
1986,100.000,7.352,19.100,4.456,50.471,6.238
1987,100.000,7.618,19.263,4.328,50.567,6.192
1988,100.000,7.330,19.330,4.242,50.849,6.192
1989,100.000,7.366,19.428,4.214,51.127,6.189
1990,100.000,8.191,19.163,4.140,51.093,6.094
1991,100.000,7.361,19.303,4.057,51.876,6.085
1992,100.000,7.294,19.303,4.027,52.273,5.997
1993,100.000,6.993,19.386,3.983,52.839,5.946
1994,100.000,6.965,19.501,3.859,53.115,5.904
1995,100.000,6.700,19.716,3.792,53.648,5.886
1996,100.000,7.049,19.616,3.878,53.674,5.873
1997,100.000,7.013,20.199,4.018,53.608,5.680
1998,100.000,6.294,20.529,3.801,54.316,5.730
1999,100.000,6.954,20.470,3.794,54.338,5.712
2000,100.000,7.681,20.460,4.199,54.334,5.658
2001,100.000,6.218,22.046,3.654,55.234,6.220
2002,100.000,6.723,22.243,3.604,55.779,6.216
2003,100.000,7.080,23.383,3.830,56.283,6.127
2004,100.000,7.991,23.158,4.021,56.040,6.113
2005,100.000,8.685,23.442,4.494,55.055,5.953
2006,100.000,8.715,23.830,4.368,55.666,5.989
2007,100.000,9.698,23.942,4.215,54.867,6.173
2008,100.000,7.624,24.433,4.460,56.285,6.474
2009,100.000,8.553,25.206,4.028,56.432,5.937
2010,100.000,9.079,24.905,4.000,56.297,5.926
2011,100.000,9.679,23.957,4.216,56.161,5.669
2012,100.000,9.561,24.041,4.099,56.553,5.713
2013,100.000,9.046,23.900,3.980,57.353,5.704
2014,100.000,8.030,24.339,4.051,58.305,5.830
2015,100.000,6.816,24.227,3.768,59.556,5.785
2016,100.000,7.039,24.583,3.782,60.162,5.799
2017,100.000,7.513,23.747,3.605,59.254,6.002
2018,100.000,7.347,24.054,3.585,59.809,6.055
2019,100.000,6.706,24.071,3.266,59.387,6.191
2020,100.000,6.155,24.263,3.280,59.526,6.347
2021,100.000,7.348,24.251,3.526,57.583,5.205
2022,100.000,6.921,25.424,3.646,58.187,4.803
2023,100.000,6.655,26.769,3.283,60.899,5.388
2024,100.000,6.216,26.282,3.233,60.705,5.648
2025,100.000,6.383,26.204,3.402,60.744,5.373
