Parameter,Description,Density,Prior mean,Prior std,Posterior mode,Posterior median,Posterior 5%,Posterior 95%
100*gamma,steady-state growth rate,N,0.4500,0.0500,0.4283,0.4276,0.3576,0.5045
100*(beta^-1-1),discount factor,G,0.2500,0.1000,0.1300,0.1473,0.0706,0.2658
h,habit formation,B,0.5000,0.1000,0.3668,0.3739,0.2772,0.4731
xi,price stickiness,B,0.6600,0.1000,0.7134,0.7155,0.6097,0.8052
iota,price indexation,B,0.5000,0.1000,0.3257,0.3284,0.2121,0.4692
phi_pi,response to inflation,N,1.5000,0.5000,2.4761,2.5088,2.0197,3.1086
phi_Y,response to output gap,N,0.1250,0.0750,0.1572,0.1596,0.0754,0.2437
phi_dY,response to output-gap growth,N,0.1250,0.0750,0.1541,0.1548,0.1142,0.1968
rho_R,interest-rate smoothing,B,0.6000,0.2000,0.9036,0.9024,0.8746,0.9254
rho_z,technology growth,B,0.4000,0.2000,0.3139,0.2839,0.0731,0.5546
rho_theta,cost-push,B,0.6000,0.2000,0.1322,0.1559,0.0527,0.3284
rho_b,preference,B,0.6000,0.2000,0.9689,0.9698,0.9545,0.9816
delta,anticipated-shock decay,N,1.0000,0.2500,0.8606,0.8562,0.6144,1.0853
100*sigma_R,monetary policy,IG1,0.1500,1.0000,0.0965,0.0988,0.0847,0.1170
100*sigma_z,technology growth,IG1,1.0000,1.0000,0.5330,0.5677,0.3766,0.8186
100*sigma_theta,cost-push,IG1,0.1500,1.0000,0.1201,0.1189,0.0998,0.1419
100*sigma_star,inflation target,IG1,0.0250,1.0000,0.0108,0.0131,0.0078,0.0234
100*sigma_b,preference,IG1,1.0000,1.0000,2.6841,2.8232,2.0656,4.0763
100*sigma_R1,anticipated monetary policy,IG1,0.1500,1.0000,0.0513,0.0541,0.0404,0.0728
