Year,CP045,CP0722
1996,51.45,39.13
1997,52.41,40.25
1998,52.82,39.9
1999,50.29,37
2000,45.87,38.47
2001,49.58,40.83
2002,46.1,35.13
2003,45.26,37.24
2004,44.88,36.44
2005,46.95,39.03
2006,50.33,41.67
2007,52.41,43.74
2008,52.47,45.67
2009,55.77,39.94
2010,53.24,42.36
2011,56.78,46.85
2012,61.33,48.54
2013,59.6,50.02
2014,60.57,47.5
2015,61.5,44.57
2016,55.85,41.55
2017,54.29,41.01
2018,54.88,42.13
2019,59.08,43.01
2020,55.45,43.88
2021,58.91,36.67
2022,65.87,43.95
2023,61.17,41.69
2024,56.31,43.41
2025,53.99,40.55
