DATAFLOW,LAST UPDATE,freq,coicop,geo,TIME_PERIOD,OBS_VALUE,OBS_FLAG,CONF_STATUS
ESTAT:PRC_HICP_INW(1.0),20/08/25 11:00:00,A,CP045,EA,1996,51.45,,
ESTAT:PRC_HICP_INW(1.0),20/08/25 11:00:00,A,CP045,EA,1997,52.41,,
ESTAT:PRC_HICP_INW(1.0),20/08/25 11:00:00,A,CP045,EA,1998,52.82,,
ESTAT:PRC_HICP_INW(1.0),20/08/25 11:00:00,A,CP045,EA,1999,50.29,,
ESTAT:PRC_HICP_INW(1.0),20/08/25 11:00:00,A,CP045,EA,2000,45.87,,
ESTAT:PRC_HICP_INW(1.0),20/08/25 11:00:00,A,CP045,EA,2001,49.58,,
ESTAT:PRC_HICP_INW(1.0),20/08/25 11:00:00,A,CP045,EA,2002,46.10,,
ESTAT:PRC_HICP_INW(1.0),20/08/25 11:00:00,A,CP045,EA,2003,45.26,,
ESTAT:PRC_HICP_INW(1.0),20/08/25 11:00:00,A,CP045,EA,2004,44.88,,
ESTAT:PRC_HICP_INW(1.0),20/08/25 11:00:00,A,CP045,EA,2005,46.95,,
ESTAT:PRC_HICP_INW(1.0),20/08/25 11:00:00,A,CP045,EA,2006,50.33,,
ESTAT:PRC_HICP_INW(1.0),20/08/25 11:00:00,A,CP045,EA,2007,52.41,,
ESTAT:PRC_HICP_INW(1.0),20/08/25 11:00:00,A,CP045,EA,2008,52.47,,
ESTAT:PRC_HICP_INW(1.0),20/08/25 11:00:00,A,CP045,EA,2009,55.77,,
ESTAT:PRC_HICP_INW(1.0),20/08/25 11:00:00,A,CP045,EA,2010,53.24,,
ESTAT:PRC_HICP_INW(1.0),20/08/25 11:00:00,A,CP045,EA,2011,56.78,,
ESTAT:PRC_HICP_INW(1.0),20/08/25 11:00:00,A,CP045,EA,2012,61.33,,
ESTAT:PRC_HICP_INW(1.0),20/08/25 11:00:00,A,CP045,EA,2013,59.60,,
ESTAT:PRC_HICP_INW(1.0),20/08/25 11:00:00,A,CP045,EA,2014,60.57,,
ESTAT:PRC_HICP_INW(1.0),20/08/25 11:00:00,A,CP045,EA,2015,61.50,,
ESTAT:PRC_HICP_INW(1.0),20/08/25 11:00:00,A,CP045,EA,2016,55.85,,
ESTAT:PRC_HICP_INW(1.0),20/08/25 11:00:00,A,CP045,EA,2017,54.29,,
ESTAT:PRC_HICP_INW(1.0),20/08/25 11:00:00,A,CP045,EA,2018,54.88,,
ESTAT:PRC_HICP_INW(1.0),20/08/25 11:00:00,A,CP045,EA,2019,59.08,,
ESTAT:PRC_HICP_INW(1.0),20/08/25 11:00:00,A,CP045,EA,2020,55.45,,
ESTAT:PRC_HICP_INW(1.0),20/08/25 11:00:00,A,CP045,EA,2021,58.91,,
ESTAT:PRC_HICP_INW(1.0),20/08/25 11:00:00,A,CP045,EA,2022,65.87,,
ESTAT:PRC_HICP_INW(1.0),20/08/25 11:00:00,A,CP045,EA,2023,61.17,,
ESTAT:PRC_HICP_INW(1.0),20/08/25 11:00:00,A,CP045,EA,2024,56.31,,
ESTAT:PRC_HICP_INW(1.0),20/08/25 11:00:00,A,CP045,EA,2025,53.99,,
ESTAT:PRC_HICP_INW(1.0),20/08/25 11:00:00,A,CP0722,EA,1996,39.13,,
ESTAT:PRC_HICP_INW(1.0),20/08/25 11:00:00,A,CP0722,EA,1997,40.25,,
ESTAT:PRC_HICP_INW(1.0),20/08/25 11:00:00,A,CP0722,EA,1998,39.90,,
ESTAT:PRC_HICP_INW(1.0),20/08/25 11:00:00,A,CP0722,EA,1999,37.00,,
ESTAT:PRC_HICP_INW(1.0),20/08/25 11:00:00,A,CP0722,EA,2000,38.47,,
ESTAT:PRC_HICP_INW(1.0),20/08/25 11:00:00,A,CP0722,EA,2001,40.83,,
ESTAT:PRC_HICP_INW(1.0),20/08/25 11:00:00,A,CP0722,EA,2002,35.13,,
ESTAT:PRC_HICP_INW(1.0),20/08/25 11:00:00,A,CP0722,EA,2003,37.24,,
ESTAT:PRC_HICP_INW(1.0),20/08/25 11:00:00,A,CP0722,EA,2004,36.44,,
ESTAT:PRC_HICP_INW(1.0),20/08/25 11:00:00,A,CP0722,EA,2005,39.03,,
ESTAT:PRC_HICP_INW(1.0),20/08/25 11:00:00,A,CP0722,EA,2006,41.67,,
ESTAT:PRC_HICP_INW(1.0),20/08/25 11:00:00,A,CP0722,EA,2007,43.74,,
ESTAT:PRC_HICP_INW(1.0),20/08/25 11:00:00,A,CP0722,EA,2008,45.67,,
ESTAT:PRC_HICP_INW(1.0),20/08/25 11:00:00,A,CP0722,EA,2009,39.94,,
ESTAT:PRC_HICP_INW(1.0),20/08/25 11:00:00,A,CP0722,EA,2010,42.36,,
ESTAT:PRC_HICP_INW(1.0),20/08/25 11:00:00,A,CP0722,EA,2011,46.85,,
ESTAT:PRC_HICP_INW(1.0),20/08/25 11:00:00,A,CP0722,EA,2012,48.54,,
ESTAT:PRC_HICP_INW(1.0),20/08/25 11:00:00,A,CP0722,EA,2013,50.02,,
ESTAT:PRC_HICP_INW(1.0),20/08/25 11:00:00,A,CP0722,EA,2014,47.50,,
ESTAT:PRC_HICP_INW(1.0),20/08/25 11:00:00,A,CP0722,EA,2015,44.57,,
ESTAT:PRC_HICP_INW(1.0),20/08/25 11:00:00,A,CP0722,EA,2016,41.55,,
ESTAT:PRC_HICP_INW(1.0),20/08/25 11:00:00,A,CP0722,EA,2017,41.01,,
ESTAT:PRC_HICP_INW(1.0),20/08/25 11:00:00,A,CP0722,EA,2018,42.13,,
ESTAT:PRC_HICP_INW(1.0),20/08/25 11:00:00,A,CP0722,EA,2019,43.01,,
ESTAT:PRC_HICP_INW(1.0),20/08/25 11:00:00,A,CP0722,EA,2020,43.88,,
ESTAT:PRC_HICP_INW(1.0),20/08/25 11:00:00,A,CP0722,EA,2021,36.67,,
ESTAT:PRC_HICP_INW(1.0),20/08/25 11:00:00,A,CP0722,EA,2022,43.95,,
ESTAT:PRC_HICP_INW(1.0),20/08/25 11:00:00,A,CP0722,EA,2023,41.69,,
ESTAT:PRC_HICP_INW(1.0),20/08/25 11:00:00,A,CP0722,EA,2024,43.41,,
ESTAT:PRC_HICP_INW(1.0),20/08/25 11:00:00,A,CP0722,EA,2025,40.55,,
