KEY,FREQ,REF_AREA,PD_ITEM,SERIES_DENOM,PD_SEAS_EX,PD_ORIGIN,TIME_PERIOD,OBS_VALUE,OBS_STATUS,OBS_CONF,OBS_PRE_BREAK,OBS_COM,TIME_FORMAT,BREAKS,COLLECTION,COMPILING_ORG,DISS_ORG,DOM_SER_IDS,PUBL_ECB,PUBL_MU,PUBL_PUBLIC,AGG_EQUN,COMPILATION,COVERAGE,DECIMALS,SOURCE_AGENCY,SOURCE_DETAIL,TITLE,TITLE_COMPL,UNIT,UNIT_MULT
MPD.Q.U2.HIC.A.A22.0000,Q,U2,HIC,A,A22,0000,1995-Q1,2.5,A,F,,,P3M,,A,,,,,,,,,,1,,,,Euro area - Price and cost developments - HICP overall index - Annual growth rate - December 2022 staff macroeconomic projections,PCCH,0
MPD.Q.U2.HIC.A.A22.0000,Q,U2,HIC,A,A22,0000,1995-Q2,2.6,A,F,,,P3M,,A,,,,,,,,,,1,,,,Euro area - Price and cost developments - HICP overall index - Annual growth rate - December 2022 staff macroeconomic projections,PCCH,0
MPD.Q.U2.HIC.A.A22.0000,Q,U2,HIC,A,A22,0000,1995-Q3,2.4,A,F,,,P3M,,A,,,,,,,,,,1,,,,Euro area - Price and cost developments - HICP overall index - Annual growth rate - December 2022 staff macroeconomic projections,PCCH,0
MPD.Q.U2.HIC.A.A22.0000,Q,U2,HIC,A,A22,0000,1995-Q4,2.4,A,F,,,P3M,,A,,,,,,,,,,1,,,,Euro area - Price and cost developments - HICP overall index - Annual growth rate - December 2022 staff macroeconomic projections,PCCH,0
MPD.Q.U2.HIC.A.A22.0000,Q,U2,HIC,A,A22,0000,1996-Q1,2.2,A,F,,,P3M,,A,,,,,,,,,,1,,,,Euro area - Price and cost developments - HICP overall index - Annual growth rate - December 2022 staff macroeconomic projections,PCCH,0
MPD.Q.U2.HIC.A.A22.0000,Q,U2,HIC,A,A22,0000,1996-Q2,2.1,A,F,,,P3M,,A,,,,,,,,,,1,,,,Euro area - Price and cost developments - HICP overall index - Annual growth rate - December 2022 staff macroeconomic projections,PCCH,0
MPD.Q.U2.HIC.A.A22.0000,Q,U2,HIC,A,A22,0000,1996-Q3,1.9,A,F,,,P3M,,A,,,,,,,,,,1,,,,Euro area - Price and cost developments - HICP overall index - Annual growth rate - December 2022 staff macroeconomic projections,PCCH,0
MPD.Q.U2.HIC.A.A22.0000,Q,U2,HIC,A,A22,0000,1996-Q4,1.8,A,F,,,P3M,,A,,,,,,,,,,1,,,,Euro area - Price and cost developments - HICP overall index - Annual growth rate - December 2022 staff macroeconomic projections,PCCH,0
MPD.Q.U2.HIC.A.A22.0000,Q,U2,HIC,A,A22,0000,1997-Q1,1.8,A,F,,,P3M,,A,,,,,,,,,,1,,,,Euro area - Price and cost developments - HICP overall index - Annual growth rate - December 2022 staff macroeconomic projections,PCCH,0
MPD.Q.U2.HIC.A.A22.0000,Q,U2,HIC,A,A22,0000,1997-Q2,1.3,A,F,,,P3M,,A,,,,,,,,,,1,,,,Euro area - Price and cost developments - HICP overall index - Annual growth rate - December 2022 staff macroeconomic projections,PCCH,0
MPD.Q.U2.HIC.A.A22.0000,Q,U2,HIC,A,A22,0000,1997-Q3,1.6,A,F,,,P3M,,A,,,,,,,,,,1,,,,Euro area - Price and cost developments - HICP overall index - Annual growth rate - December 2022 staff macroeconomic projections,PCCH,0
MPD.Q.U2.HIC.A.A22.0000,Q,U2,HIC,A,A22,0000,1997-Q4,1.5,A,F,,,P3M,,A,,,,,,,,,,1,,,,Euro area - Price and cost developments - HICP overall index - Annual growth rate - December 2022 staff macroeconomic projections,PCCH,0
MPD.Q.U2.HIC.A.A22.0000,Q,U2,HIC,A,A22,0000,1998-Q1,1.1,A,F,,,P3M,,A,,,,,,,,,,1,,,,Euro area - Price and cost developments - HICP overall index - Annual growth rate - December 2022 staff macroeconomic projections,PCCH,0
MPD.Q.U2.HIC.A.A22.0000,Q,U2,HIC,A,A22,0000,1998-Q2,1.3,A,F,,,P3M,,A,,,,,,,,,,1,,,,Euro area - Price and cost developments - HICP overall index - Annual growth rate - December 2022 staff macroeconomic projections,PCCH,0
MPD.Q.U2.HIC.A.A22.0000,Q,U2,HIC,A,A22,0000,1998-Q3,1.1,A,F,,,P3M,,A,,,,,,,,,,1,,,,Euro area - Price and cost developments - HICP overall index - Annual growth rate - December 2022 staff macroeconomic projections,PCCH,0
MPD.Q.U2.HIC.A.A22.0000,Q,U2,HIC,A,A22,0000,1998-Q4,0.8,A,F,,,P3M,,A,,,,,,,,,,1,,,,Euro area - Price and cost developments - HICP overall index - Annual growth rate - December 2022 staff macroeconomic projections,PCCH,0
MPD.Q.U2.HIC.A.A22.0000,Q,U2,HIC,A,A22,0000,1999-Q1,0.8,A,F,,,P3M,,A,,,,,,,,,,1,,,,Euro area - Price and cost developments - HICP overall index - Annual growth rate - December 2022 staff macroeconomic projections,PCCH,0
MPD.Q.U2.HIC.A.A22.0000,Q,U2,HIC,A,A22,0000,1999-Q2,1,A,F,,,P3M,,A,,,,,,,,,,1,,,,Euro area - Price and cost developments - HICP overall index - Annual growth rate - December 2022 staff macroeconomic projections,PCCH,0
MPD.Q.U2.HIC.A.A22.0000,Q,U2,HIC,A,A22,0000,1999-Q3,1.1,A,F,,,P3M,,A,,,,,,,,,,1,,,,Euro area - Price and cost developments - HICP overall index - Annual growth rate - December 2022 staff macroeconomic projections,PCCH,0
MPD.Q.U2.HIC.A.A22.0000,Q,U2,HIC,A,A22,0000,1999-Q4,1.5,A,F,,,P3M,,A,,,,,,,,,,1,,,,Euro area - Price and cost developments - HICP overall index - Annual growth rate - December 2022 staff macroeconomic projections,PCCH,0
MPD.Q.U2.HIC.A.A22.0000,Q,U2,HIC,A,A22,0000,2000-Q1,1.9,A,F,,,P3M,,A,,,,,,,,,,1,,,,Euro area - Price and cost developments - HICP overall index - Annual growth rate - December 2022 staff macroeconomic projections,PCCH,0
MPD.Q.U2.HIC.A.A22.0000,Q,U2,HIC,A,A22,0000,2000-Q2,1.9,A,F,,,P3M,,A,,,,,,,,,,1,,,,Euro area - Price and cost developments - HICP overall index - Annual growth rate - December 2022 staff macroeconomic projections,PCCH,0
MPD.Q.U2.HIC.A.A22.0000,Q,U2,HIC,A,A22,0000,2000-Q3,2.2,A,F,,,P3M,,A,,,,,,,,,,1,,,,Euro area - Price and cost developments - HICP overall index - Annual growth rate - December 2022 staff macroeconomic projections,PCCH,0
MPD.Q.U2.HIC.A.A22.0000,Q,U2,HIC,A,A22,0000,2000-Q4,2.4,A,F,,,P3M,,A,,,,,,,,,,1,,,,Euro area - Price and cost developments - HICP overall index - Annual growth rate - December 2022 staff macroeconomic projections,PCCH,0
MPD.Q.U2.HIC.A.A22.0000,Q,U2,HIC,A,A22,0000,2001-Q1,2.1,A,F,,,P3M,,A,,,,,,,,,,1,,,,Euro area - Price and cost developments - HICP overall index - Annual growth rate - December 2022 staff macroeconomic projections,PCCH,0
MPD.Q.U2.HIC.A.A22.0000,Q,U2,HIC,A,A22,0000,2001-Q2,2.9,A,F,,,P3M,,A,,,,,,,,,,1,,,,Euro area - Price and cost developments - HICP overall index - Annual growth rate - December 2022 staff macroeconomic projections,PCCH,0
MPD.Q.U2.HIC.A.A22.0000,Q,U2,HIC,A,A22,0000,2001-Q3,2.3,A,F,,,P3M,,A,,,,,,,,,,1,,,,Euro area - Price and cost developments - HICP overall index - Annual growth rate - December 2022 staff macroeconomic projections,PCCH,0
MPD.Q.U2.HIC.A.A22.0000,Q,U2,HIC,A,A22,0000,2001-Q4,2.1,A,F,,,P3M,,A,,,,,,,,,,1,,,,Euro area - Price and cost developments - HICP overall index - Annual growth rate - December 2022 staff macroeconomic projections,PCCH,0
MPD.Q.U2.HIC.A.A22.0000,Q,U2,HIC,A,A22,0000,2002-Q1,2.5,A,F,,,P3M,,A,,,,,,,,,,1,,,,Euro area - Price and cost developments - HICP overall index - Annual growth rate - December 2022 staff macroeconomic projections,PCCH,0
MPD.Q.U2.HIC.A.A22.0000,Q,U2,HIC,A,A22,0000,2002-Q2,2.1,A,F,,,P3M,,A,,,,,,,,,,1,,,,Euro area - Price and cost developments - HICP overall index - Annual growth rate - December 2022 staff macroeconomic projections,PCCH,0
MPD.Q.U2.HIC.A.A22.0000,Q,U2,HIC,A,A22,0000,2002-Q3,2.1,A,F,,,P3M,,A,,,,,,,,,,1,,,,Euro area - Price and cost developments - HICP overall index - Annual growth rate - December 2022 staff macroeconomic projections,PCCH,0
MPD.Q.U2.HIC.A.A22.0000,Q,U2,HIC,A,A22,0000,2002-Q4,2.3,A,F,,,P3M,,A,,,,,,,,,,1,,,,Euro area - Price and cost developments - HICP overall index - Annual growth rate - December 2022 staff macroeconomic projections,PCCH,0
MPD.Q.U2.HIC.A.A22.0000,Q,U2,HIC,A,A22,0000,2003-Q1,2.3,A,F,,,P3M,,A,,,,,,,,,,1,,,,Euro area - Price and cost developments - HICP overall index - Annual growth rate - December 2022 staff macroeconomic projections,PCCH,0
MPD.Q.U2.HIC.A.A22.0000,Q,U2,HIC,A,A22,0000,2003-Q2,2,A,F,,,P3M,,A,,,,,,,,,,1,,,,Euro area - Price and cost developments - HICP overall index - Annual growth rate - December 2022 staff macroeconomic projections,PCCH,0
MPD.Q.U2.HIC.A.A22.0000,Q,U2,HIC,A,A22,0000,2003-Q3,2,A,F,,,P3M,,A,,,,,,,,,,1,,,,Euro area - Price and cost developments - HICP overall index - Annual growth rate - December 2022 staff macroeconomic projections,PCCH,0
MPD.Q.U2.HIC.A.A22.0000,Q,U2,HIC,A,A22,0000,2003-Q4,2.1,A,F,,,P3M,,A,,,,,,,,,,1,,,,Euro area - Price and cost developments - HICP overall index - Annual growth rate - December 2022 staff macroeconomic projections,PCCH,0
MPD.Q.U2.HIC.A.A22.0000,Q,U2,HIC,A,A22,0000,2004-Q1,1.7,A,F,,,P3M,,A,,,,,,,,,,1,,,,Euro area - Price and cost developments - HICP overall index - Annual growth rate - December 2022 staff macroeconomic projections,PCCH,0
MPD.Q.U2.HIC.A.A22.0000,Q,U2,HIC,A,A22,0000,2004-Q2,2.3,A,F,,,P3M,,A,,,,,,,,,,1,,,,Euro area - Price and cost developments - HICP overall index - Annual growth rate - December 2022 staff macroeconomic projections,PCCH,0
MPD.Q.U2.HIC.A.A22.0000,Q,U2,HIC,A,A22,0000,2004-Q3,2.3,A,F,,,P3M,,A,,,,,,,,,,1,,,,Euro area - Price and cost developments - HICP overall index - Annual growth rate - December 2022 staff macroeconomic projections,PCCH,0
MPD.Q.U2.HIC.A.A22.0000,Q,U2,HIC,A,A22,0000,2004-Q4,2.3,A,F,,,P3M,,A,,,,,,,,,,1,,,,Euro area - Price and cost developments - HICP overall index - Annual growth rate - December 2022 staff macroeconomic projections,PCCH,0
MPD.Q.U2.HIC.A.A22.0000,Q,U2,HIC,A,A22,0000,2005-Q1,2,A,F,,,P3M,,A,,,,,,,,,,1,,,,Euro area - Price and cost developments - HICP overall index - Annual growth rate - December 2022 staff macroeconomic projections,PCCH,0
MPD.Q.U2.HIC.A.A22.0000,Q,U2,HIC,A,A22,0000,2005-Q2,2,A,F,,,P3M,,A,,,,,,,,,,1,,,,Euro area - Price and cost developments - HICP overall index - Annual growth rate - December 2022 staff macroeconomic projections,PCCH,0
MPD.Q.U2.HIC.A.A22.0000,Q,U2,HIC,A,A22,0000,2005-Q3,2.3,A,F,,,P3M,,A,,,,,,,,,,1,,,,Euro area - Price and cost developments - HICP overall index - Annual growth rate - December 2022 staff macroeconomic projections,PCCH,0
MPD.Q.U2.HIC.A.A22.0000,Q,U2,HIC,A,A22,0000,2005-Q4,2.3,A,F,,,P3M,,A,,,,,,,,,,1,,,,Euro area - Price and cost developments - HICP overall index - Annual growth rate - December 2022 staff macroeconomic projections,PCCH,0
MPD.Q.U2.HIC.A.A22.0000,Q,U2,HIC,A,A22,0000,2006-Q1,2.3,A,F,,,P3M,,A,,,,,,,,,,1,,,,Euro area - Price and cost developments - HICP overall index - Annual growth rate - December 2022 staff macroeconomic projections,PCCH,0
MPD.Q.U2.HIC.A.A22.0000,Q,U2,HIC,A,A22,0000,2006-Q2,2.5,A,F,,,P3M,,A,,,,,,,,,,1,,,,Euro area - Price and cost developments - HICP overall index - Annual growth rate - December 2022 staff macroeconomic projections,PCCH,0
MPD.Q.U2.HIC.A.A22.0000,Q,U2,HIC,A,A22,0000,2006-Q3,2.2,A,F,,,P3M,,A,,,,,,,,,,1,,,,Euro area - Price and cost developments - HICP overall index - Annual growth rate - December 2022 staff macroeconomic projections,PCCH,0
MPD.Q.U2.HIC.A.A22.0000,Q,U2,HIC,A,A22,0000,2006-Q4,1.8,A,F,,,P3M,,A,,,,,,,,,,1,,,,Euro area - Price and cost developments - HICP overall index - Annual growth rate - December 2022 staff macroeconomic projections,PCCH,0
MPD.Q.U2.HIC.A.A22.0000,Q,U2,HIC,A,A22,0000,2007-Q1,1.9,A,F,,,P3M,,A,,,,,,,,,,1,,,,Euro area - Price and cost developments - HICP overall index - Annual growth rate - December 2022 staff macroeconomic projections,PCCH,0
MPD.Q.U2.HIC.A.A22.0000,Q,U2,HIC,A,A22,0000,2007-Q2,1.9,A,F,,,P3M,,A,,,,,,,,,,1,,,,Euro area - Price and cost developments - HICP overall index - Annual growth rate - December 2022 staff macroeconomic projections,PCCH,0
MPD.Q.U2.HIC.A.A22.0000,Q,U2,HIC,A,A22,0000,2007-Q3,1.9,A,F,,,P3M,,A,,,,,,,,,,1,,,,Euro area - Price and cost developments - HICP overall index - Annual growth rate - December 2022 staff macroeconomic projections,PCCH,0
MPD.Q.U2.HIC.A.A22.0000,Q,U2,HIC,A,A22,0000,2007-Q4,2.9,A,F,,,P3M,,A,,,,,,,,,,1,,,,Euro area - Price and cost developments - HICP overall index - Annual growth rate - December 2022 staff macroeconomic projections,PCCH,0
MPD.Q.U2.HIC.A.A22.0000,Q,U2,HIC,A,A22,0000,2008-Q1,3.4,A,F,,,P3M,,A,,,,,,,,,,1,,,,Euro area - Price and cost developments - HICP overall index - Annual growth rate - December 2022 staff macroeconomic projections,PCCH,0
MPD.Q.U2.HIC.A.A22.0000,Q,U2,HIC,A,A22,0000,2008-Q2,3.6,A,F,,,P3M,,A,,,,,,,,,,1,,,,Euro area - Price and cost developments - HICP overall index - Annual growth rate - December 2022 staff macroeconomic projections,PCCH,0
MPD.Q.U2.HIC.A.A22.0000,Q,U2,HIC,A,A22,0000,2008-Q3,3.8,A,F,,,P3M,,A,,,,,,,,,,1,,,,Euro area - Price and cost developments - HICP overall index - Annual growth rate - December 2022 staff macroeconomic projections,PCCH,0
MPD.Q.U2.HIC.A.A22.0000,Q,U2,HIC,A,A22,0000,2008-Q4,2.3,A,F,,,P3M,,A,,,,,,,,,,1,,,,Euro area - Price and cost developments - HICP overall index - Annual growth rate - December 2022 staff macroeconomic projections,PCCH,0
MPD.Q.U2.HIC.A.A22.0000,Q,U2,HIC,A,A22,0000,2009-Q1,1,A,F,,,P3M,,A,,,,,,,,,,1,,,,Euro area - Price and cost developments - HICP overall index - Annual growth rate - December 2022 staff macroeconomic projections,PCCH,0
MPD.Q.U2.HIC.A.A22.0000,Q,U2,HIC,A,A22,0000,2009-Q2,0.2,A,F,,,P3M,,A,,,,,,,,,,1,,,,Euro area - Price and cost developments - HICP overall index - Annual growth rate - December 2022 staff macroeconomic projections,PCCH,0
MPD.Q.U2.HIC.A.A22.0000,Q,U2,HIC,A,A22,0000,2009-Q3,-0.4,A,F,,,P3M,,A,,,,,,,,,,1,,,,Euro area - Price and cost developments - HICP overall index - Annual growth rate - December 2022 staff macroeconomic projections,PCCH,0
MPD.Q.U2.HIC.A.A22.0000,Q,U2,HIC,A,A22,0000,2009-Q4,0.4,A,F,,,P3M,,A,,,,,,,,,,1,,,,Euro area - Price and cost developments - HICP overall index - Annual growth rate - December 2022 staff macroeconomic projections,PCCH,0
MPD.Q.U2.HIC.A.A22.0000,Q,U2,HIC,A,A22,0000,2010-Q1,1.1,A,F,,,P3M,,A,,,,,,,,,,1,,,,Euro area - Price and cost developments - HICP overall index - Annual growth rate - December 2022 staff macroeconomic projections,PCCH,0
MPD.Q.U2.HIC.A.A22.0000,Q,U2,HIC,A,A22,0000,2010-Q2,1.6,A,F,,,P3M,,A,,,,,,,,,,1,,,,Euro area - Price and cost developments - HICP overall index - Annual growth rate - December 2022 staff macroeconomic projections,PCCH,0
MPD.Q.U2.HIC.A.A22.0000,Q,U2,HIC,A,A22,0000,2010-Q3,1.7,A,F,,,P3M,,A,,,,,,,,,,1,,,,Euro area - Price and cost developments - HICP overall index - Annual growth rate - December 2022 staff macroeconomic projections,PCCH,0
MPD.Q.U2.HIC.A.A22.0000,Q,U2,HIC,A,A22,0000,2010-Q4,2,A,F,,,P3M,,A,,,,,,,,,,1,,,,Euro area - Price and cost developments - HICP overall index - Annual growth rate - December 2022 staff macroeconomic projections,PCCH,0
MPD.Q.U2.HIC.A.A22.0000,Q,U2,HIC,A,A22,0000,2011-Q1,2.5,A,F,,,P3M,,A,,,,,,,,,,1,,,,Euro area - Price and cost developments - HICP overall index - Annual growth rate - December 2022 staff macroeconomic projections,PCCH,0
MPD.Q.U2.HIC.A.A22.0000,Q,U2,HIC,A,A22,0000,2011-Q2,2.8,A,F,,,P3M,,A,,,,,,,,,,1,,,,Euro area - Price and cost developments - HICP overall index - Annual growth rate - December 2022 staff macroeconomic projections,PCCH,0
MPD.Q.U2.HIC.A.A22.0000,Q,U2,HIC,A,A22,0000,2011-Q3,2.7,A,F,,,P3M,,A,,,,,,,,,,1,,,,Euro area - Price and cost developments - HICP overall index - Annual growth rate - December 2022 staff macroeconomic projections,PCCH,0
MPD.Q.U2.HIC.A.A22.0000,Q,U2,HIC,A,A22,0000,2011-Q4,2.9,A,F,,,P3M,,A,,,,,,,,,,1,,,,Euro area - Price and cost developments - HICP overall index - Annual growth rate - December 2022 staff macroeconomic projections,PCCH,0
MPD.Q.U2.HIC.A.A22.0000,Q,U2,HIC,A,A22,0000,2012-Q1,2.7,A,F,,,P3M,,A,,,,,,,,,,1,,,,Euro area - Price and cost developments - HICP overall index - Annual growth rate - December 2022 staff macroeconomic projections,PCCH,0
MPD.Q.U2.HIC.A.A22.0000,Q,U2,HIC,A,A22,0000,2012-Q2,2.5,A,F,,,P3M,,A,,,,,,,,,,1,,,,Euro area - Price and cost developments - HICP overall index - Annual growth rate - December 2022 staff macroeconomic projections,PCCH,0
MPD.Q.U2.HIC.A.A22.0000,Q,U2,HIC,A,A22,0000,2012-Q3,2.5,A,F,,,P3M,,A,,,,,,,,,,1,,,,Euro area - Price and cost developments - HICP overall index - Annual growth rate - December 2022 staff macroeconomic projections,PCCH,0
MPD.Q.U2.HIC.A.A22.0000,Q,U2,HIC,A,A22,0000,2012-Q4,2.3,A,F,,,P3M,,A,,,,,,,,,,1,,,,Euro area - Price and cost developments - HICP overall index - Annual growth rate - December 2022 staff macroeconomic projections,PCCH,0
MPD.Q.U2.HIC.A.A22.0000,Q,U2,HIC,A,A22,0000,2013-Q1,1.9,A,F,,,P3M,,A,,,,,,,,,,1,,,,Euro area - Price and cost developments - HICP overall index - Annual growth rate - December 2022 staff macroeconomic projections,PCCH,0
MPD.Q.U2.HIC.A.A22.0000,Q,U2,HIC,A,A22,0000,2013-Q2,1.4,A,F,,,P3M,,A,,,,,,,,,,1,,,,Euro area - Price and cost developments - HICP overall index - Annual growth rate - December 2022 staff macroeconomic projections,PCCH,0
MPD.Q.U2.HIC.A.A22.0000,Q,U2,HIC,A,A22,0000,2013-Q3,1.3,A,F,,,P3M,,A,,,,,,,,,,1,,,,Euro area - Price and cost developments - HICP overall index - Annual growth rate - December 2022 staff macroeconomic projections,PCCH,0
MPD.Q.U2.HIC.A.A22.0000,Q,U2,HIC,A,A22,0000,2013-Q4,0.8,A,F,,,P3M,,A,,,,,,,,,,1,,,,Euro area - Price and cost developments - HICP overall index - Annual growth rate - December 2022 staff macroeconomic projections,PCCH,0
MPD.Q.U2.HIC.A.A22.0000,Q,U2,HIC,A,A22,0000,2014-Q1,0.6,A,F,,,P3M,,A,,,,,,,,,,1,,,,Euro area - Price and cost developments - HICP overall index - Annual growth rate - December 2022 staff macroeconomic projections,PCCH,0
MPD.Q.U2.HIC.A.A22.0000,Q,U2,HIC,A,A22,0000,2014-Q2,0.6,A,F,,,P3M,,A,,,,,,,,,,1,,,,Euro area - Price and cost developments - HICP overall index - Annual growth rate - December 2022 staff macroeconomic projections,PCCH,0
MPD.Q.U2.HIC.A.A22.0000,Q,U2,HIC,A,A22,0000,2014-Q3,0.4,A,F,,,P3M,,A,,,,,,,,,,1,,,,Euro area - Price and cost developments - HICP overall index - Annual growth rate - December 2022 staff macroeconomic projections,PCCH,0
MPD.Q.U2.HIC.A.A22.0000,Q,U2,HIC,A,A22,0000,2014-Q4,0.2,A,F,,,P3M,,A,,,,,,,,,,1,,,,Euro area - Price and cost developments - HICP overall index - Annual growth rate - December 2022 staff macroeconomic projections,PCCH,0
MPD.Q.U2.HIC.A.A22.0000,Q,U2,HIC,A,A22,0000,2015-Q1,-0.3,A,F,,,P3M,,A,,,,,,,,,,1,,,,Euro area - Price and cost developments - HICP overall index - Annual growth rate - December 2022 staff macroeconomic projections,PCCH,0
MPD.Q.U2.HIC.A.A22.0000,Q,U2,HIC,A,A22,0000,2015-Q2,0.4,A,F,,,P3M,,A,,,,,,,,,,1,,,,Euro area - Price and cost developments - HICP overall index - Annual growth rate - December 2022 staff macroeconomic projections,PCCH,0
MPD.Q.U2.HIC.A.A22.0000,Q,U2,HIC,A,A22,0000,2015-Q3,0.4,A,F,,,P3M,,A,,,,,,,,,,1,,,,Euro area - Price and cost developments - HICP overall index - Annual growth rate - December 2022 staff macroeconomic projections,PCCH,0
MPD.Q.U2.HIC.A.A22.0000,Q,U2,HIC,A,A22,0000,2015-Q4,0.3,A,F,,,P3M,,A,,,,,,,,,,1,,,,Euro area - Price and cost developments - HICP overall index - Annual growth rate - December 2022 staff macroeconomic projections,PCCH,0
MPD.Q.U2.HIC.A.A22.0000,Q,U2,HIC,A,A22,0000,2016-Q1,0.1,A,F,,,P3M,,A,,,,,,,,,,1,,,,Euro area - Price and cost developments - HICP overall index - Annual growth rate - December 2022 staff macroeconomic projections,PCCH,0
MPD.Q.U2.HIC.A.A22.0000,Q,U2,HIC,A,A22,0000,2016-Q2,-0.1,A,F,,,P3M,,A,,,,,,,,,,1,,,,Euro area - Price and cost developments - HICP overall index - Annual growth rate - December 2022 staff macroeconomic projections,PCCH,0
MPD.Q.U2.HIC.A.A22.0000,Q,U2,HIC,A,A22,0000,2016-Q3,0.3,A,F,,,P3M,,A,,,,,,,,,,1,,,,Euro area - Price and cost developments - HICP overall index - Annual growth rate - December 2022 staff macroeconomic projections,PCCH,0
MPD.Q.U2.HIC.A.A22.0000,Q,U2,HIC,A,A22,0000,2016-Q4,0.7,A,F,,,P3M,,A,,,,,,,,,,1,,,,Euro area - Price and cost developments - HICP overall index - Annual growth rate - December 2022 staff macroeconomic projections,PCCH,0
MPD.Q.U2.HIC.A.A22.0000,Q,U2,HIC,A,A22,0000,2017-Q1,1.7,A,F,,,P3M,,A,,,,,,,,,,1,,,,Euro area - Price and cost developments - HICP overall index - Annual growth rate - December 2022 staff macroeconomic projections,PCCH,0
MPD.Q.U2.HIC.A.A22.0000,Q,U2,HIC,A,A22,0000,2017-Q2,1.5,A,F,,,P3M,,A,,,,,,,,,,1,,,,Euro area - Price and cost developments - HICP overall index - Annual growth rate - December 2022 staff macroeconomic projections,PCCH,0
MPD.Q.U2.HIC.A.A22.0000,Q,U2,HIC,A,A22,0000,2017-Q3,1.5,A,F,,,P3M,,A,,,,,,,,,,1,,,,Euro area - Price and cost developments - HICP overall index - Annual growth rate - December 2022 staff macroeconomic projections,PCCH,0
MPD.Q.U2.HIC.A.A22.0000,Q,U2,HIC,A,A22,0000,2017-Q4,1.4,A,F,,,P3M,,A,,,,,,,,,,1,,,,Euro area - Price and cost developments - HICP overall index - Annual growth rate - December 2022 staff macroeconomic projections,PCCH,0
MPD.Q.U2.HIC.A.A22.0000,Q,U2,HIC,A,A22,0000,2018-Q1,1.3,A,F,,,P3M,,A,,,,,,,,,,1,,,,Euro area - Price and cost developments - HICP overall index - Annual growth rate - December 2022 staff macroeconomic projections,PCCH,0
MPD.Q.U2.HIC.A.A22.0000,Q,U2,HIC,A,A22,0000,2018-Q2,1.7,A,F,,,P3M,,A,,,,,,,,,,1,,,,Euro area - Price and cost developments - HICP overall index - Annual growth rate - December 2022 staff macroeconomic projections,PCCH,0
MPD.Q.U2.HIC.A.A22.0000,Q,U2,HIC,A,A22,0000,2018-Q3,2.1,A,F,,,P3M,,A,,,,,,,,,,1,,,,Euro area - Price and cost developments - HICP overall index - Annual growth rate - December 2022 staff macroeconomic projections,PCCH,0
MPD.Q.U2.HIC.A.A22.0000,Q,U2,HIC,A,A22,0000,2018-Q4,1.9,A,F,,,P3M,,A,,,,,,,,,,1,,,,Euro area - Price and cost developments - HICP overall index - Annual growth rate - December 2022 staff macroeconomic projections,PCCH,0
MPD.Q.U2.HIC.A.A22.0000,Q,U2,HIC,A,A22,0000,2019-Q1,1.4,A,F,,,P3M,,A,,,,,,,,,,1,,,,Euro area - Price and cost developments - HICP overall index - Annual growth rate - December 2022 staff macroeconomic projections,PCCH,0
MPD.Q.U2.HIC.A.A22.0000,Q,U2,HIC,A,A22,0000,2019-Q2,1.4,A,F,,,P3M,,A,,,,,,,,,,1,,,,Euro area - Price and cost developments - HICP overall index - Annual growth rate - December 2022 staff macroeconomic projections,PCCH,0
MPD.Q.U2.HIC.A.A22.0000,Q,U2,HIC,A,A22,0000,2019-Q3,1,A,F,,,P3M,,A,,,,,,,,,,1,,,,Euro area - Price and cost developments - HICP overall index - Annual growth rate - December 2022 staff macroeconomic projections,PCCH,0
MPD.Q.U2.HIC.A.A22.0000,Q,U2,HIC,A,A22,0000,2019-Q4,1,A,F,,,P3M,,A,,,,,,,,,,1,,,,Euro area - Price and cost developments - HICP overall index - Annual growth rate - December 2022 staff macroeconomic projections,PCCH,0
MPD.Q.U2.HIC.A.A22.0000,Q,U2,HIC,A,A22,0000,2020-Q1,1.1,A,F,,,P3M,,A,,,,,,,,,,1,,,,Euro area - Price and cost developments - HICP overall index - Annual growth rate - December 2022 staff macroeconomic projections,PCCH,0
MPD.Q.U2.HIC.A.A22.0000,Q,U2,HIC,A,A22,0000,2020-Q2,0.2,A,F,,,P3M,,A,,,,,,,,,,1,,,,Euro area - Price and cost developments - HICP overall index - Annual growth rate - December 2022 staff macroeconomic projections,PCCH,0
MPD.Q.U2.HIC.A.A22.0000,Q,U2,HIC,A,A22,0000,2020-Q3,0,A,F,,,P3M,,A,,,,,,,,,,1,,,,Euro area - Price and cost developments - HICP overall index - Annual growth rate - December 2022 staff macroeconomic projections,PCCH,0
MPD.Q.U2.HIC.A.A22.0000,Q,U2,HIC,A,A22,0000,2020-Q4,-0.3,A,F,,,P3M,,A,,,,,,,,,,1,,,,Euro area - Price and cost developments - HICP overall index - Annual growth rate - December 2022 staff macroeconomic projections,PCCH,0
MPD.Q.U2.HIC.A.A22.0000,Q,U2,HIC,A,A22,0000,2021-Q1,1.1,A,F,,,P3M,,A,,,,,,,,,,1,,,,Euro area - Price and cost developments - HICP overall index - Annual growth rate - December 2022 staff macroeconomic projections,PCCH,0
MPD.Q.U2.HIC.A.A22.0000,Q,U2,HIC,A,A22,0000,2021-Q2,1.8,A,F,,,P3M,,A,,,,,,,,,,1,,,,Euro area - Price and cost developments - HICP overall index - Annual growth rate - December 2022 staff macroeconomic projections,PCCH,0
MPD.Q.U2.HIC.A.A22.0000,Q,U2,HIC,A,A22,0000,2021-Q3,2.8,A,F,,,P3M,,A,,,,,,,,,,1,,,,Euro area - Price and cost developments - HICP overall index - Annual growth rate - December 2022 staff macroeconomic projections,PCCH,0
MPD.Q.U2.HIC.A.A22.0000,Q,U2,HIC,A,A22,0000,2021-Q4,4.6,A,F,,,P3M,,A,,,,,,,,,,1,,,,Euro area - Price and cost developments - HICP overall index - Annual growth rate - December 2022 staff macroeconomic projections,PCCH,0
MPD.Q.U2.HIC.A.A22.0000,Q,U2,HIC,A,A22,0000,2022-Q1,6.1,A,F,,,P3M,,A,,,,,,,,,,1,,,,Euro area - Price and cost developments - HICP overall index - Annual growth rate - December 2022 staff macroeconomic projections,PCCH,0
MPD.Q.U2.HIC.A.A22.0000,Q,U2,HIC,A,A22,0000,2022-Q2,8,A,F,,,P3M,,A,,,,,,,,,,1,,,,Euro area - Price and cost developments - HICP overall index - Annual growth rate - December 2022 staff macroeconomic projections,PCCH,0
MPD.Q.U2.HIC.A.A22.0000,Q,U2,HIC,A,A22,0000,2022-Q3,9.3,A,F,,,P3M,,A,,,,,,,,,,1,,,,Euro area - Price and cost developments - HICP overall index - Annual growth rate - December 2022 staff macroeconomic projections,PCCH,0
MPD.Q.U2.HIC.A.A22.0000,Q,U2,HIC,A,A22,0000,2022-Q4,10,F,F,,,P3M,,A,,,,,,,,,,1,,,,Euro area - Price and cost developments - HICP overall index - Annual growth rate - December 2022 staff macroeconomic projections,PCCH,0
MPD.Q.U2.HIC.A.A22.0000,Q,U2,HIC,A,A22,0000,2023-Q1,9.1,F,F,,,P3M,,A,,,,,,,,,,1,,,,Euro area - Price and cost developments - HICP overall index - Annual growth rate - December 2022 staff macroeconomic projections,PCCH,0
MPD.Q.U2.HIC.A.A22.0000,Q,U2,HIC,A,A22,0000,2023-Q2,7.3,F,F,,,P3M,,A,,,,,,,,,,1,,,,Euro area - Price and cost developments - HICP overall index - Annual growth rate - December 2022 staff macroeconomic projections,PCCH,0
MPD.Q.U2.HIC.A.A22.0000,Q,U2,HIC,A,A22,0000,2023-Q3,5.6,F,F,,,P3M,,A,,,,,,,,,,1,,,,Euro area - Price and cost developments - HICP overall index - Annual growth rate - December 2022 staff macroeconomic projections,PCCH,0
MPD.Q.U2.HIC.A.A22.0000,Q,U2,HIC,A,A22,0000,2023-Q4,3.6,F,F,,,P3M,,A,,,,,,,,,,1,,,,Euro area - Price and cost developments - HICP overall index - Annual growth rate - December 2022 staff macroeconomic projections,PCCH,0
MPD.Q.U2.HIC.A.A22.0000,Q,U2,HIC,A,A22,0000,2024-Q1,3.2,F,F,,,P3M,,A,,,,,,,,,,1,,,,Euro area - Price and cost developments - HICP overall index - Annual growth rate - December 2022 staff macroeconomic projections,PCCH,0
MPD.Q.U2.HIC.A.A22.0000,Q,U2,HIC,A,A22,0000,2024-Q2,3.5,F,F,,,P3M,,A,,,,,,,,,,1,,,,Euro area - Price and cost developments - HICP overall index - Annual growth rate - December 2022 staff macroeconomic projections,PCCH,0
MPD.Q.U2.HIC.A.A22.0000,Q,U2,HIC,A,A22,0000,2024-Q3,3.5,F,F,,,P3M,,A,,,,,,,,,,1,,,,Euro area - Price and cost developments - HICP overall index - Annual growth rate - December 2022 staff macroeconomic projections,PCCH,0
MPD.Q.U2.HIC.A.A22.0000,Q,U2,HIC,A,A22,0000,2024-Q4,3.3,F,F,,,P3M,,A,,,,,,,,,,1,,,,Euro area - Price and cost developments - HICP overall index - Annual growth rate - December 2022 staff macroeconomic projections,PCCH,0
MPD.Q.U2.HIC.A.A22.0000,Q,U2,HIC,A,A22,0000,2025-Q1,2.8,F,F,,,P3M,,A,,,,,,,,,,1,,,,Euro area - Price and cost developments - HICP overall index - Annual growth rate - December 2022 staff macroeconomic projections,PCCH,0
MPD.Q.U2.HIC.A.A22.0000,Q,U2,HIC,A,A22,0000,2025-Q2,2.3,F,F,,,P3M,,A,,,,,,,,,,1,,,,Euro area - Price and cost developments - HICP overall index - Annual growth rate - December 2022 staff macroeconomic projections,PCCH,0
MPD.Q.U2.HIC.A.A22.0000,Q,U2,HIC,A,A22,0000,2025-Q3,2,F,F,,,P3M,,A,,,,,,,,,,1,,,,Euro area - Price and cost developments - HICP overall index - Annual growth rate - December 2022 staff macroeconomic projections,PCCH,0
MPD.Q.U2.HIC.A.A22.0000,Q,U2,HIC,A,A22,0000,2025-Q4,2,F,F,,,P3M,,A,,,,,,,,,,1,,,,Euro area - Price and cost developments - HICP overall index - Annual growth rate - December 2022 staff macroeconomic projections,PCCH,0
